PRAGMA foreign_keys=OFF;
BEGIN TRANSACTION;
CREATE TABLE subjects (
  id CHARACTER(4) PRIMARY KEY,
  name CHARACTER(50)
);
INSERT INTO subjects VALUES('L1','English');
INSERT INTO subjects VALUES('L2','Chinese');
INSERT INTO subjects VALUES('L3','Individuals & Societies');
INSERT INTO subjects VALUES('L4','Sciences');
INSERT INTO subjects VALUES('L5','Extended Mathematics');
INSERT INTO subjects VALUES('L6','Drama');
INSERT INTO subjects VALUES('L7','Music');
INSERT INTO subjects VALUES('L8','Visual Arts');
INSERT INTO subjects VALUES('L9','Physical Education');
CREATE TABLE teachers (
      id         CHARACTER(3) PRIMARY KEY,
      first_name CHARACTER(20),
      last_name  CHARACTER(20)
    );
INSERT INTO teachers VALUES('T01','Yolanthe','An');
INSERT INTO teachers VALUES('T02','Scotty','Strotone');
INSERT INTO teachers VALUES('T03','Spense','Chen');
INSERT INTO teachers VALUES('T04','Keelby','Zheng');
INSERT INTO teachers VALUES('T05','Zachery','Li');
INSERT INTO teachers VALUES('T06','Anita','Vlasenko');
INSERT INTO teachers VALUES('T07','Ginni','Brose');
INSERT INTO teachers VALUES('T08','Hailee','Geyton');
INSERT INTO teachers VALUES('T09','Blanch','Corday');
INSERT INTO teachers VALUES('T10','Kelsey','Giggie');
INSERT INTO teachers VALUES('T11','Aurlie','Zhao');
INSERT INTO teachers VALUES('T12','Isis','Mc Ilwrick');
INSERT INTO teachers VALUES('T13','Charmian','Leile');
INSERT INTO teachers VALUES('T14','Lily','Fadian');
INSERT INTO teachers VALUES('T15','Mariette','Le Fevre');
INSERT INTO teachers VALUES('T16','Bert','Corey');
INSERT INTO teachers VALUES('T17','Leroy','Bridewell');
INSERT INTO teachers VALUES('T18','Chrysler','Leason');
INSERT INTO teachers VALUES('T19','Stevie','Kemmish');
INSERT INTO teachers VALUES('T20','Coretta','Wu');
INSERT INTO teachers VALUES('T21','Iolanthe','Goathrop');
CREATE TABLE students (
      id         CHARACTER(3) PRIMARY KEY,
      first_name CHARACTER(20),
      last_name  CHARACTER(20)
    );
INSERT INTO students VALUES('S01','Justus','Linklet');
INSERT INTO students VALUES('S02','Theressa','Pechell');
INSERT INTO students VALUES('S03','Dita','Pyvis');
INSERT INTO students VALUES('S04','Linnell','Bernardotti');
INSERT INTO students VALUES('S05','Albina','Abramovitch');
INSERT INTO students VALUES('S06','Leland','Knight');
INSERT INTO students VALUES('S07','Bethany','Schwandt');
INSERT INTO students VALUES('S08','Kiri','Poyntz');
INSERT INTO students VALUES('S09','Carola','Bray');
INSERT INTO students VALUES('S10','Arly','Abell');
INSERT INTO students VALUES('S11','Joceline','O''Cuddie');
INSERT INTO students VALUES('S12','Clarine','Oakeshott');
INSERT INTO students VALUES('S13','Dorey','Simpson');
INSERT INTO students VALUES('S14','Byrom','Bernardo');
INSERT INTO students VALUES('S15','Odille','Bayless');
INSERT INTO students VALUES('S16','Basilius','Lowrance');
INSERT INTO students VALUES('S17','Ashien','Dufty');
INSERT INTO students VALUES('S18','Sibbie','Barabisch');
INSERT INTO students VALUES('S19','Odette','Allbut');
INSERT INTO students VALUES('S20','Ema','Lambertazzi');
INSERT INTO students VALUES('S21','Dwain','Wroughton');
INSERT INTO students VALUES('S22','Bridget','Nation');
INSERT INTO students VALUES('S23','Darb','Guarnier');
INSERT INTO students VALUES('S24','Starlin','Dobbyn');
INSERT INTO students VALUES('S25','Nissa','Clopton');
INSERT INTO students VALUES('S26','Marcie','Jaouen');
INSERT INTO students VALUES('S27','Sumner','Hayman');
INSERT INTO students VALUES('S28','Byrom','Simonds');
INSERT INTO students VALUES('S29','Dario','Fergie');
INSERT INTO students VALUES('S30','Kris','Helgass');
INSERT INTO students VALUES('S31','Hew','Savil');
INSERT INTO students VALUES('S32','Terrie','Coyett');
INSERT INTO students VALUES('S33','Pall','Churchward');
INSERT INTO students VALUES('S34','Raimundo','Rennolds');
INSERT INTO students VALUES('S35','Lazarus','Maddox');
INSERT INTO students VALUES('S36','Doralia','Fredy');
INSERT INTO students VALUES('S37','Sibelle','Borsay');
INSERT INTO students VALUES('S38','York','Bradtke');
INSERT INTO students VALUES('S39','Theodor','Daye');
INSERT INTO students VALUES('S40','Hamilton','Clarkin');
INSERT INTO students VALUES('S41','Mufi','Matitiaho');
INSERT INTO students VALUES('S42','Fara','Klasing');
INSERT INTO students VALUES('S43','Candace','Muscat');
INSERT INTO students VALUES('S44','Josi','Durnan');
INSERT INTO students VALUES('S45','Shayla','Adger');
INSERT INTO students VALUES('S46','Juana','McCaster');
INSERT INTO students VALUES('S47','Sigfrid','Glozman');
INSERT INTO students VALUES('S48','Lem','Janous');
INSERT INTO students VALUES('S49','Sammy','Fenemore');
INSERT INTO students VALUES('S50','Bianka','Pietruszka');
INSERT INTO students VALUES('S51','Megan','Bouldstridge');
INSERT INTO students VALUES('S52','Margette','Diament');
INSERT INTO students VALUES('S53','Elsa','Buckston');
INSERT INTO students VALUES('S54','Cesya','Burdin');
INSERT INTO students VALUES('S55','Corinne','Halls');
INSERT INTO students VALUES('S56','Clint','Bourdice');
INSERT INTO students VALUES('S57','Mace','Scopes');
INSERT INTO students VALUES('S58','Fiona','Gabriel');
INSERT INTO students VALUES('S59','Carmelle','Traut');
INSERT INTO students VALUES('S60','Elyn','Pusill');
INSERT INTO students VALUES('S61','Tirrell','McMickan');
INSERT INTO students VALUES('S62','Dosi','Quennell');
INSERT INTO students VALUES('S63','Nan','Bach');
INSERT INTO students VALUES('S64','Blisse','Fiddy');
INSERT INTO students VALUES('S65','Lucine','Withnall');
INSERT INTO students VALUES('S66','Analiese','Giroldi');
INSERT INTO students VALUES('S67','Marnie','Dawidsohn');
INSERT INTO students VALUES('S68','Selig','Pear');
INSERT INTO students VALUES('S69','Elie','Apple');
INSERT INTO students VALUES('S70','Richie','Basden');
INSERT INTO students VALUES('S71','Mercie','D''Elia');
INSERT INTO students VALUES('S72','Chrissy','Oyley');
INSERT INTO students VALUES('S73','Linnet','Lurcock');
INSERT INTO students VALUES('S74','Amos','Joliffe');
CREATE TABLE results (
        id INTEGER PRIMARY KEY,
        student_id CHARACTER(3) REFERENCES students(id),
        subject_id CHARACTER(4) REFERENCES subjects(id),
        teacher_id CHARACTER(3) REFERENCES teachers(id),
        criterion CHARACTER(1),
        score INTEGER
    );
INSERT INTO results VALUES(0,'S59','L7','T18','B',6);
INSERT INTO results VALUES(1,'S18','L9','T20','D',1);
INSERT INTO results VALUES(2,'S14','L9','T20','C',3);
INSERT INTO results VALUES(3,'S59','L4','T13','C',8);
INSERT INTO results VALUES(4,'S33','L2','T03','A',6);
INSERT INTO results VALUES(5,'S19','L4','T11','C',4);
INSERT INTO results VALUES(6,'S39','L9','T20','D',3);
INSERT INTO results VALUES(7,'S33','L9','T20','B',7);
INSERT INTO results VALUES(8,'S30','L4','T12','C',6);
INSERT INTO results VALUES(9,'S16','L3','T09','B',5);
INSERT INTO results VALUES(10,'S22','L2','T02','A',5);
INSERT INTO results VALUES(11,'S19','L2','T02','C',6);
INSERT INTO results VALUES(12,'S21','L3','T09','B',8);
INSERT INTO results VALUES(13,'S46','L4','T13','C',8);
INSERT INTO results VALUES(14,'S24','L5','T14','D',4);
INSERT INTO results VALUES(15,'S46','L9','T20','B',5);
INSERT INTO results VALUES(16,'S14','L3','T09','C',5);
INSERT INTO results VALUES(17,'S40','L1','T06','A',6);
INSERT INTO results VALUES(18,'S13','L4','T11','C',6);
INSERT INTO results VALUES(19,'S50','L9','T20','C',6);
INSERT INTO results VALUES(20,'S37','L4','T12','D',7);
INSERT INTO results VALUES(21,'S43','L5','T15','B',2);
INSERT INTO results VALUES(22,'S35','L2','T03','A',5);
INSERT INTO results VALUES(23,'S62','L3','T10','D',6);
INSERT INTO results VALUES(24,'S63','L9','T20','A',5);
INSERT INTO results VALUES(25,'S36','L9','T20','D',4);
INSERT INTO results VALUES(26,'S52','L5','T16','A',7);
INSERT INTO results VALUES(27,'S14','L5','T14','B',6);
INSERT INTO results VALUES(28,'S50','L9','T20','B',7);
INSERT INTO results VALUES(29,'S59','L2','T04','D',6);
INSERT INTO results VALUES(30,'S09','L9','T20','D',6);
INSERT INTO results VALUES(31,'S57','L4','T13','C',7);
INSERT INTO results VALUES(32,'S43','L2','T03','C',6);
INSERT INTO results VALUES(33,'S21','L3','T09','D',7);
INSERT INTO results VALUES(34,'S27','L3','T09','D',7);
INSERT INTO results VALUES(35,'S06','L4','T12','B',8);
INSERT INTO results VALUES(36,'S61','L5','T16','D',6);
INSERT INTO results VALUES(37,'S16','L5','T14','D',2);
INSERT INTO results VALUES(38,'S06','L4','T12','C',7);
INSERT INTO results VALUES(39,'S26','L9','T20','A',3);
INSERT INTO results VALUES(40,'S41','L3','T10','C',7);
INSERT INTO results VALUES(41,'S25','L1','T07','D',5);
INSERT INTO results VALUES(42,'S29','L9','T20','B',4);
INSERT INTO results VALUES(43,'S24','L1','T07','A',7);
INSERT INTO results VALUES(44,'S25','L1','T07','B',4);
INSERT INTO results VALUES(45,'S74','L9','T20','B',7);
INSERT INTO results VALUES(46,'S02','L5','T15','B',4);
INSERT INTO results VALUES(47,'S37','L3','T10','A',7);
INSERT INTO results VALUES(48,'S15','L4','T11','D',7);
INSERT INTO results VALUES(49,'S02','L9','T20','A',7);
INSERT INTO results VALUES(50,'S08','L4','T11','D',7);
INSERT INTO results VALUES(51,'S01','L1','T01','C',6);
INSERT INTO results VALUES(52,'S49','L5','T16','C',6);
INSERT INTO results VALUES(53,'S56','L5','T16','B',6);
INSERT INTO results VALUES(54,'S03','L9','T20','A',7);
INSERT INTO results VALUES(55,'S53','L3','T09','C',6);
INSERT INTO results VALUES(56,'S33','L5','T15','D',6);
INSERT INTO results VALUES(57,'S27','L5','T14','A',5);
INSERT INTO results VALUES(58,'S43','L4','T12','A',2);
INSERT INTO results VALUES(59,'S31','L2','T03','C',5);
INSERT INTO results VALUES(60,'S24','L1','T07','B',5);
INSERT INTO results VALUES(61,'S27','L4','T11','C',7);
INSERT INTO results VALUES(62,'S27','L2','T02','D',5);
INSERT INTO results VALUES(63,'S05','L2','T03','B',7);
INSERT INTO results VALUES(64,'S14','L5','T14','A',6);
INSERT INTO results VALUES(65,'S35','L4','T12','C',5);
INSERT INTO results VALUES(66,'S59','L7','T18','A',5);
INSERT INTO results VALUES(67,'S56','L5','T16','C',6);
INSERT INTO results VALUES(68,'S07','L3','T10','C',7);
INSERT INTO results VALUES(69,'S43','L5','T15','C',1);
INSERT INTO results VALUES(70,'S17','L5','T14','B',5);
INSERT INTO results VALUES(71,'S20','L5','T14','A',5);
INSERT INTO results VALUES(72,'S27','L1','T07','C',6);
INSERT INTO results VALUES(73,'S41','L5','T15','B',5);
INSERT INTO results VALUES(74,'S12','L4','T11','B',4);
INSERT INTO results VALUES(75,'S64','L9','T20','B',7);
INSERT INTO results VALUES(76,'S17','L2','T02','D',7);
INSERT INTO results VALUES(77,'S61','L2','T04','D',6);
INSERT INTO results VALUES(78,'S23','L4','T11','C',7);
INSERT INTO results VALUES(79,'S59','L5','T16','B',6);
INSERT INTO results VALUES(80,'S34','L4','T12','D',5);
INSERT INTO results VALUES(81,'S05','L3','T10','B',7);
INSERT INTO results VALUES(82,'S23','L2','T02','C',6);
INSERT INTO results VALUES(83,'S20','L3','T09','B',6);
INSERT INTO results VALUES(84,'S52','L1','T06','A',6);
INSERT INTO results VALUES(85,'S23','L2','T02','B',6);
INSERT INTO results VALUES(86,'S56','L8','T19','A',6);
INSERT INTO results VALUES(87,'S66','L9','T20','C',3);
INSERT INTO results VALUES(88,'S25','L5','T14','B',5);
INSERT INTO results VALUES(89,'S50','L1','T06','A',3);
INSERT INTO results VALUES(90,'S60','L3','T09','C',8);
INSERT INTO results VALUES(91,'S54','L2','T04','C',5);
INSERT INTO results VALUES(92,'S61','L9','T20','B',6);
INSERT INTO results VALUES(93,'S14','L2','T02','A',5);
INSERT INTO results VALUES(94,'S25','L2','T02','C',6);
INSERT INTO results VALUES(95,'S40','L4','T12','B',7);
INSERT INTO results VALUES(96,'S29','L1','T08','A',7);
INSERT INTO results VALUES(97,'S32','L5','T15','A',1);
INSERT INTO results VALUES(98,'S53','L8','T19','B',6);
INSERT INTO results VALUES(99,'S14','L2','T02','C',5);
INSERT INTO results VALUES(100,'S42','L5','T15','B',4);
INSERT INTO results VALUES(101,'S29','L5','T14','D',2);
INSERT INTO results VALUES(102,'S69','L9','T20','C',3);
INSERT INTO results VALUES(103,'S26','L5','T14','D',6);
INSERT INTO results VALUES(104,'S41','L2','T03','D',6);
INSERT INTO results VALUES(105,'S63','L9','T20','C',6);
INSERT INTO results VALUES(106,'S11','L1','T01','B',8);
INSERT INTO results VALUES(107,'S03','L9','T20','D',7);
INSERT INTO results VALUES(108,'S17','L9','T20','B',6);
INSERT INTO results VALUES(109,'S06','L5','T15','C',5);
INSERT INTO results VALUES(110,'S51','L1','T06','A',6);
INSERT INTO results VALUES(111,'S03','L2','T02','D',6);
INSERT INTO results VALUES(112,'S36','L4','T12','C',5);
INSERT INTO results VALUES(113,'S06','L3','T10','B',7);
INSERT INTO results VALUES(114,'S54','L4','T13','C',7);
INSERT INTO results VALUES(115,'S29','L3','T09','A',5);
INSERT INTO results VALUES(116,'S14','L3','T09','D',4);
INSERT INTO results VALUES(117,'S52','L9','T20','D',5);
INSERT INTO results VALUES(118,'S43','L6','T17','D',2);
INSERT INTO results VALUES(119,'S60','L5','T16','C',6);
INSERT INTO results VALUES(120,'S21','L4','T11','A',5);
INSERT INTO results VALUES(121,'S38','L9','T20','A',4);
INSERT INTO results VALUES(122,'S71','L9','T20','D',4);
INSERT INTO results VALUES(123,'S53','L1','T06','A',6);
INSERT INTO results VALUES(124,'S51','L5','T16','C',6);
INSERT INTO results VALUES(125,'S12','L4','T11','A',4);
INSERT INTO results VALUES(126,'S45','L3','T09','D',2);
INSERT INTO results VALUES(127,'S45','L1','T07','C',4);
INSERT INTO results VALUES(128,'S51','L2','T04','D',6);
INSERT INTO results VALUES(129,'S04','L2','T04','A',6);
INSERT INTO results VALUES(130,'S37','L9','T20','A',5);
INSERT INTO results VALUES(131,'S60','L9','T20','A',7);
INSERT INTO results VALUES(132,'S07','L2','T03','C',7);
INSERT INTO results VALUES(133,'S48','L3','T09','D',5);
INSERT INTO results VALUES(134,'S42','L3','T10','C',8);
INSERT INTO results VALUES(135,'S41','L4','T12','B',7);
INSERT INTO results VALUES(136,'S68','L9','T20','A',6);
INSERT INTO results VALUES(137,'S38','L5','T15','B',3);
INSERT INTO results VALUES(138,'S29','L1','T08','C',5);
INSERT INTO results VALUES(139,'S22','L1','T08','C',6);
INSERT INTO results VALUES(140,'S25','L9','T20','A',2);
INSERT INTO results VALUES(141,'S31','L4','T12','C',7);
INSERT INTO results VALUES(142,'S47','L4','T13','D',5);
INSERT INTO results VALUES(143,'S13','L2','T02','D',6);
INSERT INTO results VALUES(144,'S59','L2','T04','B',6);
INSERT INTO results VALUES(145,'S08','L3','T09','B',8);
INSERT INTO results VALUES(146,'S45','L4','T13','A',3);
INSERT INTO results VALUES(147,'S18','L2','T02','C',5);
INSERT INTO results VALUES(148,'S34','L5','T15','D',4);
INSERT INTO results VALUES(149,'S09','L3','T09','A',8);
INSERT INTO results VALUES(150,'S13','L9','T20','D',4);
INSERT INTO results VALUES(151,'S05','L8','T19','B',4);
INSERT INTO results VALUES(152,'S39','L2','T03','D',6);
INSERT INTO results VALUES(153,'S23','L5','T14','C',6);
INSERT INTO results VALUES(154,'S25','L9','T20','C',4);
INSERT INTO results VALUES(155,'S13','L9','T20','A',4);
INSERT INTO results VALUES(156,'S31','L9','T20','A',6);
INSERT INTO results VALUES(157,'S59','L4','T13','D',7);
INSERT INTO results VALUES(158,'S03','L4','T11','D',7);
INSERT INTO results VALUES(159,'S52','L3','T09','D',6);
INSERT INTO results VALUES(160,'S03','L8','T19','B',5);
INSERT INTO results VALUES(161,'S09','L1','T01','D',6);
INSERT INTO results VALUES(162,'S58','L6','T17','B',4);
INSERT INTO results VALUES(163,'S48','L4','T13','B',7);
INSERT INTO results VALUES(164,'S53','L2','T04','C',7);
INSERT INTO results VALUES(165,'S24','L2','T02','D',5);
INSERT INTO results VALUES(166,'S26','L2','T02','C',7);
INSERT INTO results VALUES(167,'S28','L2','T02','D',6);
INSERT INTO results VALUES(168,'S12','L5','T14','B',4);
INSERT INTO results VALUES(169,'S39','L3','T10','C',7);
INSERT INTO results VALUES(170,'S50','L3','T09','D',6);
INSERT INTO results VALUES(171,'S20','L3','T09','D',5);
INSERT INTO results VALUES(172,'S03','L2','T02','C',6);
INSERT INTO results VALUES(173,'S55','L1','T06','B',6);
INSERT INTO results VALUES(174,'S46','L1','T08','C',7);
INSERT INTO results VALUES(175,'S11','L3','T10','D',8);
INSERT INTO results VALUES(176,'S08','L9','T20','D',5);
INSERT INTO results VALUES(177,'S59','L3','T09','D',7);
INSERT INTO results VALUES(178,'S17','L3','T09','D',8);
INSERT INTO results VALUES(179,'S22','L3','T09','D',6);
INSERT INTO results VALUES(180,'S05','L4','T12','D',7);
INSERT INTO results VALUES(181,'S45','L2','T04','C',4);
INSERT INTO results VALUES(182,'S49','L2','T04','C',4);
INSERT INTO results VALUES(183,'S48','L7','T18','C',3);
INSERT INTO results VALUES(184,'S56','L1','T06','D',7);
INSERT INTO results VALUES(185,'S14','L5','T14','C',6);
INSERT INTO results VALUES(186,'S13','L4','T11','D',6);
INSERT INTO results VALUES(187,'S35','L4','T12','A',6);
INSERT INTO results VALUES(188,'S28','L2','T02','A',6);
INSERT INTO results VALUES(189,'S32','L1','T07','D',5);
INSERT INTO results VALUES(190,'S51','L7','T18','D',5);
INSERT INTO results VALUES(191,'S07','L9','T20','B',7);
INSERT INTO results VALUES(192,'S35','L9','T20','C',2);
INSERT INTO results VALUES(193,'S45','L5','T16','B',4);
INSERT INTO results VALUES(194,'S18','L4','T11','C',7);
INSERT INTO results VALUES(195,'S26','L2','T02','B',6);
INSERT INTO results VALUES(196,'S52','L4','T13','A',7);
INSERT INTO results VALUES(197,'S05','L4','T12','B',8);
INSERT INTO results VALUES(198,'S01','L9','T20','B',5);
INSERT INTO results VALUES(199,'S10','L3','T10','D',7);
INSERT INTO results VALUES(200,'S28','L3','T09','D',6);
INSERT INTO results VALUES(201,'S22','L4','T11','A',7);
INSERT INTO results VALUES(202,'S17','L2','T02','A',7);
INSERT INTO results VALUES(203,'S43','L6','T17','A',3);
INSERT INTO results VALUES(204,'S53','L9','T20','B',8);
INSERT INTO results VALUES(205,'S46','L4','T13','B',7);
INSERT INTO results VALUES(206,'S47','L5','T16','C',2);
INSERT INTO results VALUES(207,'S29','L4','T11','A',6);
INSERT INTO results VALUES(208,'S57','L2','T04','D',7);
INSERT INTO results VALUES(209,'S51','L5','T16','B',6);
INSERT INTO results VALUES(210,'S59','L7','T18','D',5);
INSERT INTO results VALUES(211,'S18','L9','T20','B',4);
INSERT INTO results VALUES(212,'S17','L5','T14','A',5);
INSERT INTO results VALUES(213,'S62','L5','T15','D',5);
INSERT INTO results VALUES(214,'S27','L9','T20','C',5);
INSERT INTO results VALUES(215,'S27','L4','T11','D',6);
INSERT INTO results VALUES(216,'S52','L2','T04','D',5);
INSERT INTO results VALUES(217,'S54','L2','T04','A',5);
INSERT INTO results VALUES(218,'S15','L2','T02','B',7);
INSERT INTO results VALUES(219,'S02','L4','T12','A',7);
INSERT INTO results VALUES(220,'S26','L4','T11','B',6);
INSERT INTO results VALUES(221,'S46','L5','T16','A',5);
INSERT INTO results VALUES(222,'S35','L2','T03','D',5);
INSERT INTO results VALUES(223,'S22','L5','T14','D',6);
INSERT INTO results VALUES(224,'S24','L3','T09','C',5);
INSERT INTO results VALUES(225,'S67','L9','T20','A',5);
INSERT INTO results VALUES(226,'S60','L4','T13','A',6);
INSERT INTO results VALUES(227,'S31','L4','T12','A',6);
INSERT INTO results VALUES(228,'S30','L1','T07','B',6);
INSERT INTO results VALUES(229,'S06','L4','T12','A',6);
INSERT INTO results VALUES(230,'S49','L3','T09','C',7);
INSERT INTO results VALUES(231,'S11','L9','T20','D',6);
INSERT INTO results VALUES(232,'S10','L1','T01','A',7);
INSERT INTO results VALUES(233,'S58','L3','T09','C',6);
INSERT INTO results VALUES(234,'S17','L1','T06','A',6);
INSERT INTO results VALUES(235,'S07','L1','T01','A',6);
INSERT INTO results VALUES(236,'S04','L5','T16','D',6);
INSERT INTO results VALUES(237,'S72','L9','T20','D',5);
INSERT INTO results VALUES(238,'S17','L8','T19','C',6);
INSERT INTO results VALUES(239,'S10','L5','T15','D',5);
INSERT INTO results VALUES(240,'S11','L3','T10','C',8);
INSERT INTO results VALUES(241,'S27','L2','T02','B',5);
INSERT INTO results VALUES(242,'S19','L8','T19','A',2);
INSERT INTO results VALUES(243,'S25','L9','T20','B',5);
INSERT INTO results VALUES(244,'S58','L9','T20','B',4);
INSERT INTO results VALUES(245,'S58','L2','T04','B',4);
INSERT INTO results VALUES(246,'S42','L2','T03','D',6);
INSERT INTO results VALUES(247,'S21','L5','T14','C',6);
INSERT INTO results VALUES(248,'S19','L9','T20','B',5);
INSERT INTO results VALUES(249,'S37','L5','T15','B',6);
INSERT INTO results VALUES(250,'S07','L5','T15','D',4);
INSERT INTO results VALUES(251,'S54','L3','T09','B',6);
INSERT INTO results VALUES(252,'S70','L9','T20','B',6);
INSERT INTO results VALUES(253,'S35','L3','T10','B',6);
INSERT INTO results VALUES(254,'S66','L9','T20','B',5);
INSERT INTO results VALUES(255,'S20','L4','T11','B',7);
INSERT INTO results VALUES(256,'S28','L5','T14','B',4);
INSERT INTO results VALUES(257,'S17','L8','T19','B',6);
INSERT INTO results VALUES(258,'S24','L2','T02','A',5);
INSERT INTO results VALUES(259,'S40','L9','T20','A',7);
INSERT INTO results VALUES(260,'S47','L9','T20','C',6);
INSERT INTO results VALUES(261,'S55','L4','T13','D',6);
INSERT INTO results VALUES(262,'S35','L5','T15','C',4);
INSERT INTO results VALUES(263,'S21','L2','T02','A',6);
INSERT INTO results VALUES(264,'S25','L2','T02','B',5);
INSERT INTO results VALUES(265,'S07','L7','T18','D',7);
INSERT INTO results VALUES(266,'S32','L5','T15','C',2);
INSERT INTO results VALUES(267,'S54','L5','T16','B',7);
INSERT INTO results VALUES(268,'S51','L4','T13','B',7);
INSERT INTO results VALUES(269,'S41','L2','T03','B',6);
INSERT INTO results VALUES(270,'S09','L1','T01','C',6);
INSERT INTO results VALUES(271,'S03','L4','T11','B',7);
INSERT INTO results VALUES(272,'S57','L1','T08','D',7);
INSERT INTO results VALUES(273,'S05','L3','T10','C',7);
INSERT INTO results VALUES(274,'S41','L1','T08','A',6);
INSERT INTO results VALUES(275,'S47','L1','T08','D',4);
INSERT INTO results VALUES(276,'S59','L9','T20','D',5);
INSERT INTO results VALUES(277,'S11','L9','T20','B',6);
INSERT INTO results VALUES(278,'S22','L6','T17','A',5);
INSERT INTO results VALUES(279,'S33','L2','T03','C',6);
INSERT INTO results VALUES(280,'S49','L4','T13','D',6);
INSERT INTO results VALUES(281,'S40','L2','T03','D',6);
INSERT INTO results VALUES(282,'S34','L5','T15','B',4);
INSERT INTO results VALUES(283,'S15','L9','T20','A',5);
INSERT INTO results VALUES(284,'S39','L1','T08','A',4);
INSERT INTO results VALUES(285,'S40','L9','T20','D',6);
INSERT INTO results VALUES(286,'S10','L4','T12','D',8);
INSERT INTO results VALUES(287,'S60','L5','T16','D',5);
INSERT INTO results VALUES(288,'S32','L4','T12','A',5);
INSERT INTO results VALUES(289,'S09','L4','T11','D',7);
INSERT INTO results VALUES(290,'S45','L4','T13','D',4);
INSERT INTO results VALUES(291,'S19','L1','T07','D',4);
INSERT INTO results VALUES(292,'S35','L5','T15','A',5);
INSERT INTO results VALUES(293,'S37','L5','T15','C',6);
INSERT INTO results VALUES(294,'S60','L1','T06','C',4);
INSERT INTO results VALUES(295,'S02','L2','T03','A',7);
INSERT INTO results VALUES(296,'S40','L2','T03','C',6);
INSERT INTO results VALUES(297,'S20','L1','T08','D',5);
INSERT INTO results VALUES(298,'S56','L5','T16','D',5);
INSERT INTO results VALUES(299,'S44','L4','T13','B',6);
INSERT INTO results VALUES(300,'S58','L2','T04','C',4);
INSERT INTO results VALUES(301,'S18','L1','T08','A',6);
INSERT INTO results VALUES(302,'S36','L2','T03','A',4);
INSERT INTO results VALUES(303,'S19','L9','T20','C',5);
INSERT INTO results VALUES(304,'S05','L2','T03','A',7);
INSERT INTO results VALUES(305,'S03','L1','T01','B',5);
INSERT INTO results VALUES(306,'S62','L5','T15','A',6);
INSERT INTO results VALUES(307,'S59','L7','T18','C',6);
INSERT INTO results VALUES(308,'S45','L9','T20','C',3);
INSERT INTO results VALUES(309,'S33','L9','T20','D',3);
INSERT INTO results VALUES(310,'S59','L4','T13','A',7);
INSERT INTO results VALUES(311,'S52','L1','T06','B',5);
INSERT INTO results VALUES(312,'S24','L9','T20','B',5);
INSERT INTO results VALUES(313,'S16','L9','T20','B',2);
INSERT INTO results VALUES(314,'S44','L4','T13','C',6);
INSERT INTO results VALUES(315,'S61','L1','T06','D',5);
INSERT INTO results VALUES(316,'S48','L2','T04','D',6);
INSERT INTO results VALUES(317,'S04','L9','T20','B',6);
INSERT INTO results VALUES(318,'S30','L9','T20','D',3);
INSERT INTO results VALUES(319,'S32','L4','T12','C',3);
INSERT INTO results VALUES(320,'S19','L5','T14','A',3);
INSERT INTO results VALUES(321,'S46','L5','T16','C',6);
INSERT INTO results VALUES(322,'S17','L4','T11','D',7);
INSERT INTO results VALUES(323,'S06','L2','T03','C',6);
INSERT INTO results VALUES(324,'S53','L9','T20','D',7);
INSERT INTO results VALUES(325,'S59','L3','T09','C',7);
INSERT INTO results VALUES(326,'S70','L9','T20','A',5);
INSERT INTO results VALUES(327,'S11','L9','T20','C',5);
INSERT INTO results VALUES(328,'S48','L7','T18','D',4);
INSERT INTO results VALUES(329,'S18','L3','T09','A',5);
INSERT INTO results VALUES(330,'S47','L4','T13','A',3);
INSERT INTO results VALUES(331,'S08','L7','T18','C',8);
INSERT INTO results VALUES(332,'S08','L1','T01','A',6);
INSERT INTO results VALUES(333,'S18','L4','T11','B',7);
INSERT INTO results VALUES(334,'S46','L9','T20','C',2);
INSERT INTO results VALUES(335,'S01','L2','T04','C',6);
INSERT INTO results VALUES(336,'S12','L1','T07','B',4);
INSERT INTO results VALUES(337,'S18','L2','T02','A',4);
INSERT INTO results VALUES(338,'S38','L1','T08','C',4);
INSERT INTO results VALUES(339,'S54','L6','T17','D',5);
INSERT INTO results VALUES(340,'S50','L3','T09','A',5);
INSERT INTO results VALUES(341,'S17','L8','T19','A',6);
INSERT INTO results VALUES(342,'S16','L1','T07','B',2);
INSERT INTO results VALUES(343,'S51','L4','T13','A',7);
INSERT INTO results VALUES(344,'S12','L3','T09','A',3);
INSERT INTO results VALUES(345,'S21','L7','T18','A',7);
INSERT INTO results VALUES(346,'S54','L5','T16','D',2);
INSERT INTO results VALUES(347,'S47','L3','T09','B',1);
INSERT INTO results VALUES(348,'S07','L2','T03','A',5);
INSERT INTO results VALUES(349,'S30','L3','T10','A',7);
INSERT INTO results VALUES(350,'S15','L2','T02','C',6);
INSERT INTO results VALUES(351,'S15','L3','T09','B',5);
INSERT INTO results VALUES(352,'S74','L9','T20','C',6);
INSERT INTO results VALUES(353,'S53','L1','T06','B',7);
INSERT INTO results VALUES(354,'S10','L6','T17','D',7);
INSERT INTO results VALUES(355,'S40','L3','T10','D',7);
INSERT INTO results VALUES(356,'S06','L9','T20','B',6);
INSERT INTO results VALUES(357,'S24','L4','T11','B',7);
INSERT INTO results VALUES(358,'S11','L7','T18','D',8);
INSERT INTO results VALUES(359,'S23','L1','T07','B',6);
INSERT INTO results VALUES(360,'S10','L5','T15','C',7);
INSERT INTO results VALUES(361,'S01','L1','T01','B',7);
INSERT INTO results VALUES(362,'S08','L5','T14','D',6);
INSERT INTO results VALUES(363,'S22','L3','T09','C',5);
INSERT INTO results VALUES(364,'S53','L8','T19','A',6);
INSERT INTO results VALUES(365,'S16','L1','T07','C',4);
INSERT INTO results VALUES(366,'S07','L5','T15','B',4);
INSERT INTO results VALUES(367,'S39','L1','T08','C',5);
INSERT INTO results VALUES(368,'S37','L2','T03','B',6);
INSERT INTO results VALUES(369,'S46','L9','T20','D',7);
INSERT INTO results VALUES(370,'S09','L7','T18','B',8);
INSERT INTO results VALUES(371,'S50','L9','T20','D',7);
INSERT INTO results VALUES(372,'S28','L9','T20','A',5);
INSERT INTO results VALUES(373,'S28','L2','T02','B',6);
INSERT INTO results VALUES(374,'S45','L9','T20','A',4);
INSERT INTO results VALUES(375,'S16','L2','T02','B',5);
INSERT INTO results VALUES(376,'S18','L3','T09','C',4);
INSERT INTO results VALUES(377,'S06','L9','T20','C',5);
INSERT INTO results VALUES(378,'S46','L3','T09','B',8);
INSERT INTO results VALUES(379,'S10','L9','T20','B',7);
INSERT INTO results VALUES(380,'S46','L4','T13','A',7);
INSERT INTO results VALUES(381,'S31','L1','T06','C',7);
INSERT INTO results VALUES(382,'S43','L2','T03','A',5);
INSERT INTO results VALUES(383,'S24','L4','T11','C',7);
INSERT INTO results VALUES(384,'S44','L4','T13','A',3);
INSERT INTO results VALUES(385,'S34','L1','T06','B',5);
INSERT INTO results VALUES(386,'S62','L3','T10','C',8);
INSERT INTO results VALUES(387,'S56','L2','T04','B',4);
INSERT INTO results VALUES(388,'S18','L9','T20','C',5);
INSERT INTO results VALUES(389,'S31','L2','T03','B',5);
INSERT INTO results VALUES(390,'S34','L2','T03','D',6);
INSERT INTO results VALUES(391,'S39','L2','T03','C',6);
INSERT INTO results VALUES(392,'S44','L2','T04','D',5);
INSERT INTO results VALUES(393,'S45','L4','T13','C',1);
INSERT INTO results VALUES(394,'S20','L5','T14','B',5);
INSERT INTO results VALUES(395,'S09','L4','T11','A',8);
INSERT INTO results VALUES(396,'S22','L9','T20','D',3);
INSERT INTO results VALUES(397,'S04','L5','T16','C',8);
INSERT INTO results VALUES(398,'S40','L5','T15','C',4);
INSERT INTO results VALUES(399,'S06','L3','T10','D',7);
INSERT INTO results VALUES(400,'S12','L3','T09','C',3);
INSERT INTO results VALUES(401,'S08','L2','T02','A',6);
INSERT INTO results VALUES(402,'S03','L4','T11','C',7);
INSERT INTO results VALUES(403,'S23','L1','T07','D',6);
INSERT INTO results VALUES(404,'S04','L3','T09','A',8);
INSERT INTO results VALUES(405,'S14','L1','T06','A',5);
INSERT INTO results VALUES(406,'S30','L3','T10','D',4);
INSERT INTO results VALUES(407,'S27','L3','T09','C',7);
INSERT INTO results VALUES(408,'S14','L3','T09','B',6);
INSERT INTO results VALUES(409,'S52','L9','T20','C',2);
INSERT INTO results VALUES(410,'S28','L8','T19','C',6);
INSERT INTO results VALUES(411,'S42','L2','T03','B',6);
INSERT INTO results VALUES(412,'S23','L9','T20','C',5);
INSERT INTO results VALUES(413,'S25','L3','T09','D',6);
INSERT INTO results VALUES(414,'S34','L3','T10','B',5);
INSERT INTO results VALUES(415,'S49','L9','T20','D',6);
INSERT INTO results VALUES(416,'S40','L2','T03','B',6);
INSERT INTO results VALUES(417,'S15','L9','T20','C',2);
INSERT INTO results VALUES(418,'S21','L4','T11','C',7);
INSERT INTO results VALUES(419,'S49','L2','T04','A',4);
INSERT INTO results VALUES(420,'S40','L5','T15','A',6);
INSERT INTO results VALUES(421,'S52','L2','T04','C',5);
INSERT INTO results VALUES(422,'S34','L4','T12','B',7);
INSERT INTO results VALUES(423,'S30','L5','T15','D',4);
INSERT INTO results VALUES(424,'S18','L5','T14','A',5);
INSERT INTO results VALUES(425,'S50','L2','T04','C',5);
INSERT INTO results VALUES(426,'S24','L5','T14','C',5);
INSERT INTO results VALUES(427,'S56','L5','T16','A',5);
INSERT INTO results VALUES(428,'S12','L2','T02','B',4);
INSERT INTO results VALUES(429,'S57','L9','T20','B',7);
INSERT INTO results VALUES(430,'S24','L1','T07','D',5);
INSERT INTO results VALUES(431,'S54','L1','T06','D',5);
INSERT INTO results VALUES(432,'S21','L9','T20','B',6);
INSERT INTO results VALUES(433,'S44','L4','T13','D',6);
INSERT INTO results VALUES(434,'S05','L4','T12','C',7);
INSERT INTO results VALUES(435,'S22','L9','T20','B',5);
INSERT INTO results VALUES(436,'S49','L4','T13','A',4);
INSERT INTO results VALUES(437,'S56','L9','T20','C',3);
INSERT INTO results VALUES(438,'S23','L4','T11','A',6);
INSERT INTO results VALUES(439,'S57','L3','T09','A',7);
INSERT INTO results VALUES(440,'S38','L2','T03','C',5);
INSERT INTO results VALUES(441,'S32','L2','T03','B',6);
INSERT INTO results VALUES(442,'S36','L1','T07','D',7);
INSERT INTO results VALUES(443,'S52','L2','T04','B',5);
INSERT INTO results VALUES(444,'S52','L4','T13','B',7);
INSERT INTO results VALUES(445,'S55','L4','T13','C',7);
INSERT INTO results VALUES(446,'S26','L1','T06','B',7);
INSERT INTO results VALUES(447,'S50','L2','T04','B',5);
INSERT INTO results VALUES(448,'S25','L1','T07','C',5);
INSERT INTO results VALUES(449,'S26','L1','T06','A',5);
INSERT INTO results VALUES(450,'S33','L3','T10','C',7);
INSERT INTO results VALUES(451,'S55','L9','T20','D',1);
INSERT INTO results VALUES(452,'S01','L5','T16','D',5);
INSERT INTO results VALUES(453,'S03','L5','T14','D',8);
INSERT INTO results VALUES(454,'S57','L5','T16','C',8);
INSERT INTO results VALUES(455,'S12','L4','T11','C',4);
INSERT INTO results VALUES(456,'S03','L5','T14','B',8);
INSERT INTO results VALUES(457,'S64','L9','T20','D',5);
INSERT INTO results VALUES(458,'S20','L3','T09','A',7);
INSERT INTO results VALUES(459,'S01','L2','T04','B',5);
INSERT INTO results VALUES(460,'S13','L3','T09','C',6);
INSERT INTO results VALUES(461,'S11','L4','T12','D',7);
INSERT INTO results VALUES(462,'S04','L2','T04','C',6);
INSERT INTO results VALUES(463,'S39','L3','T10','B',4);
INSERT INTO results VALUES(464,'S04','L9','T20','A',6);
INSERT INTO results VALUES(465,'S48','L5','T16','C',6);
INSERT INTO results VALUES(466,'S64','L9','T20','A',4);
INSERT INTO results VALUES(467,'S07','L5','T15','C',5);
INSERT INTO results VALUES(468,'S39','L4','T12','D',5);
INSERT INTO results VALUES(469,'S19','L5','T14','D',2);
INSERT INTO results VALUES(470,'S09','L5','T14','D',7);
INSERT INTO results VALUES(471,'S36','L5','T15','B',3);
INSERT INTO results VALUES(472,'S11','L7','T18','B',6);
INSERT INTO results VALUES(473,'S22','L5','T14','C',5);
INSERT INTO results VALUES(474,'S44','L5','T16','A',5);
INSERT INTO results VALUES(475,'S10','L6','T17','A',8);
INSERT INTO results VALUES(476,'S41','L5','T15','C',4);
INSERT INTO results VALUES(477,'S26','L4','T11','A',7);
INSERT INTO results VALUES(478,'S49','L2','T04','D',4);
INSERT INTO results VALUES(479,'S44','L3','T09','C',4);
INSERT INTO results VALUES(480,'S55','L2','T04','A',5);
INSERT INTO results VALUES(481,'S56','L8','T19','C',6);
INSERT INTO results VALUES(482,'S62','L9','T20','D',6);
INSERT INTO results VALUES(483,'S42','L4','T12','A',8);
INSERT INTO results VALUES(484,'S53','L8','T19','D',6);
INSERT INTO results VALUES(485,'S16','L3','T09','D',5);
INSERT INTO results VALUES(486,'S46','L2','T04','A',5);
INSERT INTO results VALUES(487,'S38','L5','T15','A',4);
INSERT INTO results VALUES(488,'S54','L6','T17','B',6);
INSERT INTO results VALUES(489,'S29','L5','T14','A',2);
INSERT INTO results VALUES(490,'S31','L5','T15','C',4);
INSERT INTO results VALUES(491,'S51','L9','T20','D',5);
INSERT INTO results VALUES(492,'S32','L9','T20','C',6);
INSERT INTO results VALUES(493,'S36','L2','T03','D',6);
INSERT INTO results VALUES(494,'S54','L9','T20','C',3);
INSERT INTO results VALUES(495,'S48','L7','T18','A',5);
INSERT INTO results VALUES(496,'S02','L1','T01','D',7);
INSERT INTO results VALUES(497,'S19','L3','T09','B',4);
INSERT INTO results VALUES(498,'S28','L2','T02','C',7);
INSERT INTO results VALUES(499,'S18','L1','T08','C',4);
INSERT INTO results VALUES(500,'S28','L4','T11','D',7);
INSERT INTO results VALUES(501,'S62','L9','T20','C',6);
INSERT INTO results VALUES(502,'S15','L1','T07','C',4);
INSERT INTO results VALUES(503,'S51','L2','T04','B',5);
INSERT INTO results VALUES(504,'S24','L2','T02','B',5);
INSERT INTO results VALUES(505,'S40','L5','T15','D',4);
INSERT INTO results VALUES(506,'S59','L2','T04','C',6);
INSERT INTO results VALUES(507,'S08','L9','T20','A',6);
INSERT INTO results VALUES(508,'S27','L1','T07','A',4);
INSERT INTO results VALUES(509,'S01','L3','T09','B',8);
INSERT INTO results VALUES(510,'S35','L1','T08','A',6);
INSERT INTO results VALUES(511,'S11','L3','T10','A',8);
INSERT INTO results VALUES(512,'S02','L3','T10','D',7);
INSERT INTO results VALUES(513,'S35','L9','T20','D',3);
INSERT INTO results VALUES(514,'S02','L2','T03','C',7);
INSERT INTO results VALUES(515,'S15','L4','T11','C',6);
INSERT INTO results VALUES(516,'S08','L4','T11','B',7);
INSERT INTO results VALUES(517,'S21','L5','T14','B',5);
INSERT INTO results VALUES(518,'S10','L3','T10','B',8);
INSERT INTO results VALUES(519,'S57','L4','T13','D',8);
INSERT INTO results VALUES(520,'S61','L1','T06','B',6);
INSERT INTO results VALUES(521,'S10','L5','T15','B',7);
INSERT INTO results VALUES(522,'S55','L9','T20','C',3);
INSERT INTO results VALUES(523,'S67','L9','T20','B',6);
INSERT INTO results VALUES(524,'S61','L4','T13','D',6);
INSERT INTO results VALUES(525,'S49','L1','T08','C',2);
INSERT INTO results VALUES(526,'S16','L5','T14','A',4);
INSERT INTO results VALUES(527,'S18','L8','T19','B',4);
INSERT INTO results VALUES(528,'S37','L1','T06','A',7);
INSERT INTO results VALUES(529,'S08','L3','T09','C',8);
INSERT INTO results VALUES(530,'S26','L4','T11','C',7);
INSERT INTO results VALUES(531,'S17','L2','T02','B',7);
INSERT INTO results VALUES(532,'S31','L5','T15','B',3);
INSERT INTO results VALUES(533,'S53','L8','T19','C',6);
INSERT INTO results VALUES(534,'S38','L3','T10','C',5);
INSERT INTO results VALUES(535,'S51','L3','T09','A',7);
INSERT INTO results VALUES(536,'S04','L3','T09','C',8);
INSERT INTO results VALUES(537,'S59','L4','T13','B',7);
INSERT INTO results VALUES(538,'S39','L2','T03','B',6);
INSERT INTO results VALUES(539,'S33','L9','T20','C',4);
INSERT INTO results VALUES(540,'S25','L4','T11','D',7);
INSERT INTO results VALUES(541,'S33','L4','T12','D',5);
INSERT INTO results VALUES(542,'S19','L3','T09','C',2);
INSERT INTO results VALUES(543,'S03','L8','T19','A',5);
INSERT INTO results VALUES(544,'S58','L9','T20','A',1);
INSERT INTO results VALUES(545,'S14','L8','T19','A',5);
INSERT INTO results VALUES(546,'S38','L3','T10','D',4);
INSERT INTO results VALUES(547,'S44','L3','T09','D',6);
INSERT INTO results VALUES(548,'S56','L2','T04','D',5);
INSERT INTO results VALUES(549,'S39','L3','T10','A',7);
INSERT INTO results VALUES(550,'S39','L2','T03','A',4);
INSERT INTO results VALUES(551,'S39','L1','T08','D',6);
INSERT INTO results VALUES(552,'S41','L3','T10','D',6);
INSERT INTO results VALUES(553,'S04','L2','T04','B',6);
INSERT INTO results VALUES(554,'S40','L4','T12','A',7);
INSERT INTO results VALUES(555,'S25','L3','T09','B',6);
INSERT INTO results VALUES(556,'S04','L4','T13','D',7);
INSERT INTO results VALUES(557,'S27','L2','T02','A',4);
INSERT INTO results VALUES(558,'S25','L4','T11','B',7);
INSERT INTO results VALUES(559,'S56','L2','T04','A',4);
INSERT INTO results VALUES(560,'S21','L7','T18','C',8);
INSERT INTO results VALUES(561,'S12','L2','T02','D',4);
INSERT INTO results VALUES(562,'S35','L3','T10','C',6);
INSERT INTO results VALUES(563,'S22','L6','T17','C',7);
INSERT INTO results VALUES(564,'S04','L1','T01','C',6);
INSERT INTO results VALUES(565,'S31','L1','T06','B',4);
INSERT INTO results VALUES(566,'S44','L9','T20','A',5);
INSERT INTO results VALUES(567,'S35','L1','T08','B',6);
INSERT INTO results VALUES(568,'S04','L3','T09','B',8);
INSERT INTO results VALUES(569,'S23','L9','T20','B',5);
INSERT INTO results VALUES(570,'S47','L2','T04','B',4);
INSERT INTO results VALUES(571,'S46','L8','T19','A',5);
INSERT INTO results VALUES(572,'S60','L2','T04','D',6);
INSERT INTO results VALUES(573,'S48','L3','T09','C',6);
INSERT INTO results VALUES(574,'S19','L4','T11','A',3);
INSERT INTO results VALUES(575,'S10','L2','T03','D',6);
INSERT INTO results VALUES(576,'S47','L5','T16','D',2);
INSERT INTO results VALUES(577,'S14','L8','T19','B',4);
INSERT INTO results VALUES(578,'S21','L3','T09','A',7);
INSERT INTO results VALUES(579,'S34','L3','T10','C',7);
INSERT INTO results VALUES(580,'S19','L8','T19','B',3);
INSERT INTO results VALUES(581,'S44','L5','T16','B',6);
INSERT INTO results VALUES(582,'S19','L3','T09','A',4);
INSERT INTO results VALUES(583,'S23','L4','T11','D',6);
INSERT INTO results VALUES(584,'S07','L4','T12','C',7);
INSERT INTO results VALUES(585,'S48','L1','T06','B',4);
INSERT INTO results VALUES(586,'S30','L3','T10','C',6);
INSERT INTO results VALUES(587,'S50','L4','T13','D',6);
INSERT INTO results VALUES(588,'S03','L2','T02','B',6);
INSERT INTO results VALUES(589,'S43','L1','T08','D',3);
INSERT INTO results VALUES(590,'S11','L2','T03','B',6);
INSERT INTO results VALUES(591,'S24','L4','T11','A',6);
INSERT INTO results VALUES(592,'S12','L1','T07','D',5);
INSERT INTO results VALUES(593,'S57','L4','T13','A',8);
INSERT INTO results VALUES(594,'S52','L5','T16','B',8);
INSERT INTO results VALUES(595,'S40','L3','T10','A',7);
INSERT INTO results VALUES(596,'S41','L4','T12','C',7);
INSERT INTO results VALUES(597,'S03','L8','T19','C',6);
INSERT INTO results VALUES(598,'S16','L2','T02','D',5);
INSERT INTO results VALUES(599,'S09','L2','T02','D',7);
INSERT INTO results VALUES(600,'S61','L5','T16','C',7);
INSERT INTO results VALUES(601,'S53','L2','T04','D',6);
INSERT INTO results VALUES(602,'S04','L5','T16','A',8);
INSERT INTO results VALUES(603,'S05','L5','T15','C',7);
INSERT INTO results VALUES(604,'S28','L1','T06','A',6);
INSERT INTO results VALUES(605,'S30','L2','T03','C',6);
INSERT INTO results VALUES(606,'S49','L4','T13','C',6);
INSERT INTO results VALUES(607,'S61','L2','T04','C',6);
INSERT INTO results VALUES(608,'S65','L9','T20','C',4);
INSERT INTO results VALUES(609,'S51','L7','T18','B',5);
INSERT INTO results VALUES(610,'S36','L1','T07','C',6);
INSERT INTO results VALUES(611,'S41','L5','T15','D',3);
INSERT INTO results VALUES(612,'S06','L5','T15','A',6);
INSERT INTO results VALUES(613,'S59','L1','T07','A',6);
INSERT INTO results VALUES(614,'S30','L9','T20','B',5);
INSERT INTO results VALUES(615,'S21','L3','T09','C',7);
INSERT INTO results VALUES(616,'S68','L9','T20','B',5);
INSERT INTO results VALUES(617,'S72','L9','T20','C',6);
INSERT INTO results VALUES(618,'S33','L5','T15','A',5);
INSERT INTO results VALUES(619,'S14','L4','T11','D',6);
INSERT INTO results VALUES(620,'S08','L5','T14','A',5);
INSERT INTO results VALUES(621,'S41','L3','T10','A',6);
INSERT INTO results VALUES(622,'S19','L4','T11','D',4);
INSERT INTO results VALUES(623,'S30','L2','T03','A',5);
INSERT INTO results VALUES(624,'S69','L9','T20','A',5);
INSERT INTO results VALUES(625,'S58','L9','T20','C',3);
INSERT INTO results VALUES(626,'S02','L5','T15','D',6);
INSERT INTO results VALUES(627,'S09','L2','T02','A',7);
INSERT INTO results VALUES(628,'S53','L5','T16','B',8);
INSERT INTO results VALUES(629,'S21','L4','T11','D',7);
INSERT INTO results VALUES(630,'S57','L2','T04','C',7);
INSERT INTO results VALUES(631,'S03','L5','T14','C',7);
INSERT INTO results VALUES(632,'S25','L1','T07','A',6);
INSERT INTO results VALUES(633,'S31','L5','T15','A',2);
INSERT INTO results VALUES(634,'S09','L3','T09','D',8);
INSERT INTO results VALUES(635,'S48','L1','T06','D',6);
INSERT INTO results VALUES(636,'S58','L4','T13','C',6);
INSERT INTO results VALUES(637,'S05','L8','T19','D',5);
INSERT INTO results VALUES(638,'S35','L9','T20','A',3);
INSERT INTO results VALUES(639,'S37','L4','T12','A',5);
INSERT INTO results VALUES(640,'S44','L2','T04','B',5);
INSERT INTO results VALUES(641,'S03','L9','T20','B',6);
INSERT INTO results VALUES(642,'S34','L9','T20','B',7);
INSERT INTO results VALUES(643,'S14','L4','T11','B',7);
INSERT INTO results VALUES(644,'S33','L3','T10','B',3);
INSERT INTO results VALUES(645,'S47','L2','T04','A',3);
INSERT INTO results VALUES(646,'S16','L4','T11','B',5);
INSERT INTO results VALUES(647,'S46','L3','T09','C',7);
INSERT INTO results VALUES(648,'S39','L5','T15','B',5);
INSERT INTO results VALUES(649,'S20','L5','T14','C',4);
INSERT INTO results VALUES(650,'S20','L2','T02','C',6);
INSERT INTO results VALUES(651,'S54','L6','T17','A',6);
INSERT INTO results VALUES(652,'S14','L4','T11','C',7);
INSERT INTO results VALUES(653,'S03','L3','T09','C',8);
INSERT INTO results VALUES(654,'S07','L4','T12','A',6);
INSERT INTO results VALUES(655,'S07','L1','T01','C',5);
INSERT INTO results VALUES(656,'S30','L4','T12','B',6);
INSERT INTO results VALUES(657,'S50','L1','T06','B',5);
INSERT INTO results VALUES(658,'S53','L4','T13','C',7);
INSERT INTO results VALUES(659,'S45','L1','T07','A',3);
INSERT INTO results VALUES(660,'S28','L5','T14','C',5);
INSERT INTO results VALUES(661,'S34','L3','T10','D',7);
INSERT INTO results VALUES(662,'S52','L5','T16','C',8);
INSERT INTO results VALUES(663,'S48','L2','T04','C',6);
INSERT INTO results VALUES(664,'S08','L3','T09','A',8);
INSERT INTO results VALUES(665,'S10','L1','T01','B',7);
INSERT INTO results VALUES(666,'S60','L5','T16','B',4);
INSERT INTO results VALUES(667,'S23','L3','T09','D',5);
INSERT INTO results VALUES(668,'S20','L1','T08','C',4);
INSERT INTO results VALUES(669,'S33','L4','T12','B',6);
INSERT INTO results VALUES(670,'S21','L1','T06','A',7);
INSERT INTO results VALUES(671,'S43','L9','T20','B',4);
INSERT INTO results VALUES(672,'S01','L5','T16','B',6);
INSERT INTO results VALUES(673,'S37','L2','T03','A',5);
INSERT INTO results VALUES(674,'S29','L4','T11','D',6);
INSERT INTO results VALUES(675,'S08','L3','T09','D',8);
INSERT INTO results VALUES(676,'S05','L2','T03','D',7);
INSERT INTO results VALUES(677,'S53','L5','T16','C',8);
INSERT INTO results VALUES(678,'S13','L3','T09','A',6);
INSERT INTO results VALUES(679,'S42','L1','T06','B',6);
INSERT INTO results VALUES(680,'S18','L3','T09','B',3);
INSERT INTO results VALUES(681,'S22','L3','T09','B',7);
INSERT INTO results VALUES(682,'S28','L1','T06','B',4);
INSERT INTO results VALUES(683,'S59','L3','T09','A',7);
INSERT INTO results VALUES(684,'S54','L9','T20','B',6);
INSERT INTO results VALUES(685,'S52','L1','T06','D',6);
INSERT INTO results VALUES(686,'S38','L3','T10','A',5);
INSERT INTO results VALUES(687,'S58','L9','T20','D',2);
INSERT INTO results VALUES(688,'S32','L2','T03','A',5);
INSERT INTO results VALUES(689,'S57','L5','T16','D',8);
INSERT INTO results VALUES(690,'S26','L5','T14','B',6);
INSERT INTO results VALUES(691,'S27','L5','T14','C',5);
INSERT INTO results VALUES(692,'S53','L5','T16','D',5);
INSERT INTO results VALUES(693,'S17','L8','T19','D',6);
INSERT INTO results VALUES(694,'S59','L3','T09','B',8);
INSERT INTO results VALUES(695,'S35','L2','T03','B',5);
INSERT INTO results VALUES(696,'S07','L3','T10','A',7);
INSERT INTO results VALUES(697,'S06','L1','T01','D',5);
INSERT INTO results VALUES(698,'S38','L4','T12','B',5);
INSERT INTO results VALUES(699,'S59','L9','T20','B',5);
INSERT INTO results VALUES(700,'S22','L1','T08','D',6);
INSERT INTO results VALUES(701,'S05','L2','T03','C',7);
INSERT INTO results VALUES(702,'S17','L9','T20','A',7);
INSERT INTO results VALUES(703,'S43','L4','T12','D',4);
INSERT INTO results VALUES(704,'S42','L5','T15','C',4);
INSERT INTO results VALUES(705,'S05','L9','T20','A',6);
INSERT INTO results VALUES(706,'S48','L7','T18','B',3);
INSERT INTO results VALUES(707,'S18','L4','T11','A',6);
INSERT INTO results VALUES(708,'S34','L2','T03','C',6);
INSERT INTO results VALUES(709,'S29','L9','T20','A',6);
INSERT INTO results VALUES(710,'S36','L5','T15','A',2);
INSERT INTO results VALUES(711,'S13','L5','T14','D',5);
INSERT INTO results VALUES(712,'S56','L4','T13','D',7);
INSERT INTO results VALUES(713,'S34','L9','T20','D',5);
INSERT INTO results VALUES(714,'S14','L4','T11','A',6);
INSERT INTO results VALUES(715,'S52','L2','T04','A',5);
INSERT INTO results VALUES(716,'S34','L1','T06','D',7);
INSERT INTO results VALUES(717,'S10','L6','T17','C',7);
INSERT INTO results VALUES(718,'S43','L5','T15','D',1);
INSERT INTO results VALUES(719,'S62','L5','T15','B',7);
INSERT INTO results VALUES(720,'S51','L9','T20','B',8);
INSERT INTO results VALUES(721,'S32','L9','T20','B',5);
INSERT INTO results VALUES(722,'S24','L2','T02','C',6);
INSERT INTO results VALUES(723,'S46','L3','T09','A',6);
INSERT INTO results VALUES(724,'S58','L2','T04','A',4);
INSERT INTO results VALUES(725,'S26','L5','T14','A',7);
INSERT INTO results VALUES(726,'S07','L7','T18','A',6);
INSERT INTO results VALUES(727,'S07','L1','T01','D',7);
INSERT INTO results VALUES(728,'S61','L3','T09','A',5);
INSERT INTO results VALUES(729,'S44','L9','T20','B',4);
INSERT INTO results VALUES(730,'S15','L5','T14','B',5);
INSERT INTO results VALUES(731,'S54','L9','T20','A',6);
INSERT INTO results VALUES(732,'S02','L1','T01','A',6);
INSERT INTO results VALUES(733,'S11','L1','T01','C',6);
INSERT INTO results VALUES(734,'S61','L3','T09','B',6);
INSERT INTO results VALUES(735,'S29','L5','T14','B',1);
INSERT INTO results VALUES(736,'S26','L2','T02','A',6);
INSERT INTO results VALUES(737,'S31','L9','T20','B',5);
INSERT INTO results VALUES(738,'S56','L3','T09','C',5);
INSERT INTO results VALUES(739,'S13','L9','T20','C',3);
INSERT INTO results VALUES(740,'S54','L1','T06','C',3);
INSERT INTO results VALUES(741,'S37','L3','T10','D',6);
INSERT INTO results VALUES(742,'S23','L1','T07','A',7);
INSERT INTO results VALUES(743,'S50','L5','T16','C',7);
INSERT INTO results VALUES(744,'S02','L1','T01','C',5);
INSERT INTO results VALUES(745,'S40','L5','T15','B',6);
INSERT INTO results VALUES(746,'S21','L9','T20','A',5);
INSERT INTO results VALUES(747,'S60','L2','T04','C',4);
INSERT INTO results VALUES(748,'S47','L9','T20','B',6);
INSERT INTO results VALUES(749,'S27','L4','T11','A',6);
INSERT INTO results VALUES(750,'S31','L1','T06','D',6);
INSERT INTO results VALUES(751,'S72','L9','T20','B',6);
INSERT INTO results VALUES(752,'S32','L1','T07','C',5);
INSERT INTO results VALUES(753,'S24','L3','T09','B',5);
INSERT INTO results VALUES(754,'S17','L2','T02','C',7);
INSERT INTO results VALUES(755,'S48','L4','T13','C',7);
INSERT INTO results VALUES(756,'S29','L5','T14','C',2);
INSERT INTO results VALUES(757,'S44','L9','T20','D',5);
INSERT INTO results VALUES(758,'S41','L1','T08','C',5);
INSERT INTO results VALUES(759,'S05','L3','T10','D',7);
INSERT INTO results VALUES(760,'S07','L3','T10','B',6);
INSERT INTO results VALUES(761,'S60','L9','T20','C',5);
INSERT INTO results VALUES(762,'S56','L1','T06','B',6);
INSERT INTO results VALUES(763,'S15','L2','T02','A',6);
INSERT INTO results VALUES(764,'S42','L9','T20','D',6);
INSERT INTO results VALUES(765,'S45','L3','T09','C',1);
INSERT INTO results VALUES(766,'S11','L2','T03','D',6);
INSERT INTO results VALUES(767,'S15','L4','T11','B',7);
INSERT INTO results VALUES(768,'S74','L9','T20','D',6);
INSERT INTO results VALUES(769,'S37','L1','T06','C',6);
INSERT INTO results VALUES(770,'S03','L3','T09','D',7);
INSERT INTO results VALUES(771,'S20','L9','T20','C',3);
INSERT INTO results VALUES(772,'S14','L2','T02','B',5);
INSERT INTO results VALUES(773,'S41','L4','T12','A',5);
INSERT INTO results VALUES(774,'S18','L5','T14','B',5);
INSERT INTO results VALUES(775,'S33','L4','T12','C',6);
INSERT INTO results VALUES(776,'S25','L9','T20','D',4);
INSERT INTO results VALUES(777,'S21','L5','T14','D',5);
INSERT INTO results VALUES(778,'S60','L3','T09','B',8);
INSERT INTO results VALUES(779,'S17','L9','T20','D',7);
INSERT INTO results VALUES(780,'S58','L4','T13','A',5);
INSERT INTO results VALUES(781,'S08','L7','T18','D',6);
INSERT INTO results VALUES(782,'S50','L5','T16','A',3);
INSERT INTO results VALUES(783,'S38','L9','T20','D',4);
INSERT INTO results VALUES(784,'S25','L3','T09','C',6);
INSERT INTO results VALUES(785,'S62','L2','T05','A',7);
INSERT INTO results VALUES(786,'S64','L9','T20','C',6);
INSERT INTO results VALUES(787,'S42','L3','T10','B',6);
INSERT INTO results VALUES(788,'S60','L1','T06','D',6);
INSERT INTO results VALUES(789,'S03','L1','T01','D',7);
INSERT INTO results VALUES(790,'S25','L5','T14','D',5);
INSERT INTO results VALUES(791,'S22','L5','T14','B',5);
INSERT INTO results VALUES(792,'S66','L9','T20','A',5);
INSERT INTO results VALUES(793,'S04','L4','T13','C',7);
INSERT INTO results VALUES(794,'S37','L1','T06','D',6);
INSERT INTO results VALUES(795,'S47','L1','T08','B',4);
INSERT INTO results VALUES(796,'S32','L9','T20','A',3);
INSERT INTO results VALUES(797,'S22','L2','T02','C',6);
INSERT INTO results VALUES(798,'S29','L3','T09','B',7);
INSERT INTO results VALUES(799,'S17','L9','T20','C',5);
INSERT INTO results VALUES(800,'S05','L1','T01','B',5);
INSERT INTO results VALUES(801,'S13','L5','T14','C',5);
INSERT INTO results VALUES(802,'S51','L9','T20','A',6);
INSERT INTO results VALUES(803,'S25','L2','T02','A',5);
INSERT INTO results VALUES(804,'S52','L5','T16','D',7);
INSERT INTO results VALUES(805,'S10','L6','T17','B',7);
INSERT INTO results VALUES(806,'S19','L1','T07','B',4);
INSERT INTO results VALUES(807,'S42','L2','T03','C',7);
INSERT INTO results VALUES(808,'S20','L4','T11','D',6);
INSERT INTO results VALUES(809,'S13','L4','T11','B',6);
INSERT INTO results VALUES(810,'S12','L5','T14','A',4);
INSERT INTO results VALUES(811,'S26','L3','T09','D',7);
INSERT INTO results VALUES(812,'S61','L1','T06','A',6);
INSERT INTO results VALUES(813,'S42','L1','T06','C',4);
INSERT INTO results VALUES(814,'S08','L4','T11','C',7);
INSERT INTO results VALUES(815,'S45','L9','T20','B',5);
INSERT INTO results VALUES(816,'S38','L1','T08','B',5);
INSERT INTO results VALUES(817,'S55','L4','T13','B',6);
INSERT INTO results VALUES(818,'S57','L3','T09','B',8);
INSERT INTO results VALUES(819,'S24','L5','T14','A',5);
INSERT INTO results VALUES(820,'S08','L9','T20','C',4);
INSERT INTO results VALUES(821,'S68','L9','T20','C',4);
INSERT INTO results VALUES(822,'S54','L2','T04','B',5);
INSERT INTO results VALUES(823,'S40','L9','T20','C',6);
INSERT INTO results VALUES(824,'S36','L4','T12','A',5);
INSERT INTO results VALUES(825,'S15','L5','T14','A',5);
INSERT INTO results VALUES(826,'S33','L2','T03','D',6);
INSERT INTO results VALUES(827,'S27','L4','T11','B',7);
INSERT INTO results VALUES(828,'S03','L1','T01','C',6);
INSERT INTO results VALUES(829,'S16','L9','T20','A',2);
INSERT INTO results VALUES(830,'S53','L2','T04','B',5);
INSERT INTO results VALUES(831,'S07','L3','T10','D',7);
INSERT INTO results VALUES(832,'S09','L9','T20','A',6);
INSERT INTO results VALUES(833,'S51','L4','T13','C',8);
INSERT INTO results VALUES(834,'S40','L2','T03','A',6);
INSERT INTO results VALUES(835,'S58','L1','T07','D',7);
INSERT INTO results VALUES(836,'S56','L8','T19','D',5);
INSERT INTO results VALUES(837,'S31','L3','T10','A',8);
INSERT INTO results VALUES(838,'S44','L2','T04','C',5);
INSERT INTO results VALUES(839,'S28','L8','T19','A',4);
INSERT INTO results VALUES(840,'S08','L1','T01','D',5);
INSERT INTO results VALUES(841,'S07','L9','T20','D',7);
INSERT INTO results VALUES(842,'S57','L2','T04','B',7);
INSERT INTO results VALUES(843,'S26','L4','T11','D',6);
INSERT INTO results VALUES(844,'S48','L5','T16','D',4);
INSERT INTO results VALUES(845,'S48','L9','T20','C',6);
INSERT INTO results VALUES(846,'S09','L1','T01','A',6);
INSERT INTO results VALUES(847,'S27','L1','T07','B',6);
INSERT INTO results VALUES(848,'S35','L1','T08','D',6);
INSERT INTO results VALUES(849,'S53','L4','T13','A',7);
INSERT INTO results VALUES(850,'S19','L8','T19','D',3);
INSERT INTO results VALUES(851,'S41','L1','T08','B',5);
INSERT INTO results VALUES(852,'S05','L5','T15','A',6);
INSERT INTO results VALUES(853,'S24','L5','T14','B',5);
INSERT INTO results VALUES(854,'S72','L9','T20','A',5);
INSERT INTO results VALUES(855,'S58','L1','T07','B',7);
INSERT INTO results VALUES(856,'S41','L3','T10','B',4);
INSERT INTO results VALUES(857,'S02','L8','T19','A',5);
INSERT INTO results VALUES(858,'S42','L9','T20','B',6);
INSERT INTO results VALUES(859,'S38','L2','T03','A',3);
INSERT INTO results VALUES(860,'S56','L1','T06','A',6);
INSERT INTO results VALUES(861,'S20','L2','T02','B',6);
INSERT INTO results VALUES(862,'S58','L6','T17','D',4);
INSERT INTO results VALUES(863,'S20','L2','T02','D',6);
INSERT INTO results VALUES(864,'S18','L9','T20','A',2);
INSERT INTO results VALUES(865,'S59','L5','T16','C',5);
INSERT INTO results VALUES(866,'S62','L3','T10','B',6);
INSERT INTO results VALUES(867,'S06','L1','T01','A',6);
INSERT INTO results VALUES(868,'S30','L9','T20','A',3);
INSERT INTO results VALUES(869,'S14','L3','T09','A',5);
INSERT INTO results VALUES(870,'S10','L1','T01','D',7);
INSERT INTO results VALUES(871,'S23','L3','T09','C',6);
INSERT INTO results VALUES(872,'S06','L4','T12','D',6);
INSERT INTO results VALUES(873,'S01','L1','T01','A',6);
INSERT INTO results VALUES(874,'S61','L4','T13','A',8);
INSERT INTO results VALUES(875,'S03','L8','T19','D',6);
INSERT INTO results VALUES(876,'S35','L1','T08','C',6);
INSERT INTO results VALUES(877,'S05','L8','T19','A',5);
INSERT INTO results VALUES(878,'S49','L1','T08','A',4);
INSERT INTO results VALUES(879,'S33','L2','T03','B',5);
INSERT INTO results VALUES(880,'S57','L1','T08','A',8);
INSERT INTO results VALUES(881,'S22','L1','T08','A',6);
INSERT INTO results VALUES(882,'S21','L1','T06','C',4);
INSERT INTO results VALUES(883,'S14','L5','T14','D',4);
INSERT INTO results VALUES(884,'S36','L9','T20','A',4);
INSERT INTO results VALUES(885,'S07','L1','T01','B',6);
INSERT INTO results VALUES(886,'S42','L2','T03','A',6);
INSERT INTO results VALUES(887,'S62','L4','T12','A',7);
INSERT INTO results VALUES(888,'S41','L2','T03','A',6);
INSERT INTO results VALUES(889,'S01','L9','T20','C',4);
INSERT INTO results VALUES(890,'S57','L9','T20','C',4);
INSERT INTO results VALUES(891,'S53','L2','T04','A',5);
INSERT INTO results VALUES(892,'S23','L7','T18','B',7);
INSERT INTO results VALUES(893,'S57','L1','T08','B',8);
INSERT INTO results VALUES(894,'S46','L2','T04','B',5);
INSERT INTO results VALUES(895,'S25','L4','T11','A',7);
INSERT INTO results VALUES(896,'S17','L1','T06','B',5);
INSERT INTO results VALUES(897,'S29','L3','T09','D',5);
INSERT INTO results VALUES(898,'S17','L4','T11','C',7);
INSERT INTO results VALUES(899,'S60','L4','T13','C',7);
INSERT INTO results VALUES(900,'S33','L1','T06','D',5);
INSERT INTO results VALUES(901,'S08','L5','T14','B',7);
INSERT INTO results VALUES(902,'S35','L4','T12','D',6);
INSERT INTO results VALUES(903,'S13','L1','T07','B',7);
INSERT INTO results VALUES(904,'S29','L2','T02','A',6);
INSERT INTO results VALUES(905,'S62','L9','T20','B',6);
INSERT INTO results VALUES(906,'S22','L3','T09','A',5);
INSERT INTO results VALUES(907,'S16','L1','T07','A',1);
INSERT INTO results VALUES(908,'S25','L5','T14','C',5);
INSERT INTO results VALUES(909,'S55','L5','T16','B',7);
INSERT INTO results VALUES(910,'S26','L9','T20','C',6);
INSERT INTO results VALUES(911,'S37','L2','T03','C',6);
INSERT INTO results VALUES(912,'S36','L9','T20','B',5);
INSERT INTO results VALUES(913,'S17','L1','T06','D',6);
INSERT INTO results VALUES(914,'S07','L2','T03','B',6);
INSERT INTO results VALUES(915,'S48','L2','T04','B',6);
INSERT INTO results VALUES(916,'S54','L5','T16','A',5);
INSERT INTO results VALUES(917,'S71','L9','T20','B',4);
INSERT INTO results VALUES(918,'S06','L9','T20','D',6);
INSERT INTO results VALUES(919,'S26','L3','T09','B',8);
INSERT INTO results VALUES(920,'S06','L1','T01','B',5);
INSERT INTO results VALUES(921,'S19','L4','T11','B',4);
INSERT INTO results VALUES(922,'S10','L3','T10','A',7);
INSERT INTO results VALUES(923,'S05','L9','T20','C',7);
INSERT INTO results VALUES(924,'S02','L1','T01','B',6);
INSERT INTO results VALUES(925,'S48','L5','T16','A',5);
INSERT INTO results VALUES(926,'S56','L3','T09','B',8);
INSERT INTO results VALUES(927,'S29','L1','T08','D',5);
INSERT INTO results VALUES(928,'S08','L1','T01','B',7);
INSERT INTO results VALUES(929,'S09','L7','T18','A',8);
INSERT INTO results VALUES(930,'S37','L3','T10','C',7);
INSERT INTO results VALUES(931,'S33','L1','T06','C',6);
INSERT INTO results VALUES(932,'S55','L1','T06','A',5);
INSERT INTO results VALUES(933,'S57','L3','T09','D',8);
INSERT INTO results VALUES(934,'S10','L1','T01','C',6);
INSERT INTO results VALUES(935,'S32','L4','T12','D',4);
INSERT INTO results VALUES(936,'S60','L3','T09','D',8);
INSERT INTO results VALUES(937,'S48','L5','T16','B',6);
INSERT INTO results VALUES(938,'S01','L7','T18','A',7);
INSERT INTO results VALUES(939,'S51','L3','T09','B',8);
INSERT INTO results VALUES(940,'S49','L4','T13','B',6);
INSERT INTO results VALUES(941,'S20','L5','T14','D',5);
INSERT INTO results VALUES(942,'S11','L1','T01','A',7);
INSERT INTO results VALUES(943,'S52','L3','T09','B',5);
INSERT INTO results VALUES(944,'S13','L5','T14','B',5);
INSERT INTO results VALUES(945,'S36','L5','T15','D',4);
INSERT INTO results VALUES(946,'S22','L9','T20','C',6);
INSERT INTO results VALUES(947,'S28','L4','T11','A',7);
INSERT INTO results VALUES(948,'S11','L9','T20','A',7);
INSERT INTO results VALUES(949,'S56','L8','T19','B',4);
INSERT INTO results VALUES(950,'S26','L5','T14','C',7);
INSERT INTO results VALUES(951,'S23','L2','T02','A',6);
INSERT INTO results VALUES(952,'S29','L2','T02','D',7);
INSERT INTO results VALUES(953,'S46','L8','T19','C',6);
INSERT INTO results VALUES(954,'S60','L9','T20','D',6);
INSERT INTO results VALUES(955,'S50','L1','T06','C',5);
INSERT INTO results VALUES(956,'S51','L3','T09','C',7);
INSERT INTO results VALUES(957,'S53','L3','T09','D',5);
INSERT INTO results VALUES(958,'S38','L1','T08','D',4);
INSERT INTO results VALUES(959,'S13','L5','T14','A',5);
INSERT INTO results VALUES(960,'S09','L7','T18','C',8);
INSERT INTO results VALUES(961,'S42','L5','T15','A',5);
INSERT INTO results VALUES(962,'S09','L4','T11','B',7);
INSERT INTO results VALUES(963,'S39','L3','T10','D',6);
INSERT INTO results VALUES(964,'S14','L9','T20','A',4);
INSERT INTO results VALUES(965,'S35','L5','T15','D',3);
INSERT INTO results VALUES(966,'S59','L9','T20','A',7);
INSERT INTO results VALUES(967,'S56','L9','T20','B',6);
INSERT INTO results VALUES(968,'S42','L4','T12','C',7);
INSERT INTO results VALUES(969,'S73','L9','T20','A',6);
INSERT INTO results VALUES(970,'S50','L4','T13','A',6);
INSERT INTO results VALUES(971,'S40','L9','T20','B',6);
INSERT INTO results VALUES(972,'S07','L9','T20','A',6);
INSERT INTO results VALUES(973,'S48','L2','T04','A',6);
INSERT INTO results VALUES(974,'S19','L8','T19','C',4);
INSERT INTO results VALUES(975,'S17','L1','T06','C',5);
INSERT INTO results VALUES(976,'S28','L1','T06','D',5);
INSERT INTO results VALUES(977,'S04','L9','T20','D',6);
INSERT INTO results VALUES(978,'S46','L5','T16','B',5);
INSERT INTO results VALUES(979,'S09','L5','T14','C',7);
INSERT INTO results VALUES(980,'S70','L9','T20','D',4);
INSERT INTO results VALUES(981,'S51','L7','T18','A',5);
INSERT INTO results VALUES(982,'S19','L2','T02','D',5);
INSERT INTO results VALUES(983,'S33','L5','T15','B',6);
INSERT INTO results VALUES(984,'S48','L9','T20','D',5);
INSERT INTO results VALUES(985,'S27','L1','T07','D',6);
INSERT INTO results VALUES(986,'S68','L9','T20','D',6);
INSERT INTO results VALUES(987,'S09','L2','T02','C',7);
INSERT INTO results VALUES(988,'S50','L4','T13','C',6);
INSERT INTO results VALUES(989,'S49','L2','T04','B',4);
INSERT INTO results VALUES(990,'S43','L1','T08','B',1);
INSERT INTO results VALUES(991,'S49','L1','T08','B',6);
INSERT INTO results VALUES(992,'S02','L4','T12','C',7);
INSERT INTO results VALUES(993,'S03','L9','T20','C',5);
INSERT INTO results VALUES(994,'S01','L7','T18','B',8);
INSERT INTO results VALUES(995,'S23','L7','T18','C',7);
INSERT INTO results VALUES(996,'S20','L1','T08','B',3);
INSERT INTO results VALUES(997,'S12','L9','T20','C',1);
INSERT INTO results VALUES(998,'S34','L1','T06','C',7);
INSERT INTO results VALUES(999,'S24','L1','T07','C',7);
INSERT INTO results VALUES(1000,'S58','L6','T17','C',5);
INSERT INTO results VALUES(1001,'S30','L4','T12','A',4);
INSERT INTO results VALUES(1002,'S45','L5','T16','D',3);
INSERT INTO results VALUES(1003,'S51','L4','T13','D',6);
INSERT INTO results VALUES(1004,'S60','L1','T06','B',6);
INSERT INTO results VALUES(1005,'S06','L5','T15','B',6);
INSERT INTO results VALUES(1006,'S21','L7','T18','B',8);
INSERT INTO results VALUES(1007,'S06','L2','T03','B',6);
INSERT INTO results VALUES(1008,'S19','L3','T09','D',3);
INSERT INTO results VALUES(1009,'S56','L9','T20','D',6);
INSERT INTO results VALUES(1010,'S10','L2','T03','A',6);
INSERT INTO results VALUES(1011,'S50','L5','T16','B',8);
INSERT INTO results VALUES(1012,'S24','L9','T20','A',5);
INSERT INTO results VALUES(1013,'S12','L1','T07','A',4);
INSERT INTO results VALUES(1014,'S58','L5','T16','A',5);
INSERT INTO results VALUES(1015,'S45','L5','T16','A',5);
INSERT INTO results VALUES(1016,'S01','L3','T09','A',7);
INSERT INTO results VALUES(1017,'S60','L4','T13','D',7);
INSERT INTO results VALUES(1018,'S05','L1','T01','A',5);
INSERT INTO results VALUES(1019,'S25','L5','T14','A',6);
INSERT INTO results VALUES(1020,'S66','L9','T20','D',6);
INSERT INTO results VALUES(1021,'S30','L4','T12','D',6);
INSERT INTO results VALUES(1022,'S15','L5','T14','C',5);
INSERT INTO results VALUES(1023,'S17','L4','T11','B',7);
INSERT INTO results VALUES(1024,'S55','L3','T09','A',5);
INSERT INTO results VALUES(1025,'S62','L4','T12','C',5);
INSERT INTO results VALUES(1026,'S20','L9','T20','B',6);
INSERT INTO results VALUES(1027,'S34','L3','T10','A',7);
INSERT INTO results VALUES(1028,'S11','L7','T18','A',7);
INSERT INTO results VALUES(1029,'S45','L2','T04','B',4);
INSERT INTO results VALUES(1030,'S09','L5','T14','B',7);
INSERT INTO results VALUES(1031,'S47','L9','T20','A',3);
INSERT INTO results VALUES(1032,'S34','L4','T12','A',5);
INSERT INTO results VALUES(1033,'S04','L1','T01','A',5);
INSERT INTO results VALUES(1034,'S53','L1','T06','D',6);
INSERT INTO results VALUES(1035,'S30','L5','T15','C',3);
INSERT INTO results VALUES(1036,'S42','L9','T20','C',5);
INSERT INTO results VALUES(1037,'S39','L4','T12','B',7);
INSERT INTO results VALUES(1038,'S55','L3','T09','D',5);
INSERT INTO results VALUES(1039,'S49','L5','T16','B',5);
INSERT INTO results VALUES(1040,'S26','L2','T02','D',6);
INSERT INTO results VALUES(1041,'S51','L2','T04','A',5);
INSERT INTO results VALUES(1042,'S11','L5','T15','B',8);
INSERT INTO results VALUES(1043,'S21','L4','T11','B',7);
INSERT INTO results VALUES(1044,'S20','L2','T02','A',6);
INSERT INTO results VALUES(1045,'S61','L1','T06','C',6);
INSERT INTO results VALUES(1046,'S61','L5','T16','B',6);
INSERT INTO results VALUES(1047,'S05','L9','T20','B',6);
INSERT INTO results VALUES(1048,'S27','L9','T20','B',5);
INSERT INTO results VALUES(1049,'S52','L4','T13','D',7);
INSERT INTO results VALUES(1050,'S36','L1','T07','A',6);
INSERT INTO results VALUES(1051,'S14','L2','T02','D',4);
INSERT INTO results VALUES(1052,'S60','L1','T06','A',5);
INSERT INTO results VALUES(1053,'S51','L9','T20','C',6);
INSERT INTO results VALUES(1054,'S59','L5','T16','A',6);
INSERT INTO results VALUES(1055,'S02','L5','T15','A',5);
INSERT INTO results VALUES(1056,'S29','L2','T02','C',7);
INSERT INTO results VALUES(1057,'S12','L9','T20','A',4);
INSERT INTO results VALUES(1058,'S34','L5','T15','A',4);
INSERT INTO results VALUES(1059,'S15','L2','T02','D',7);
INSERT INTO results VALUES(1060,'S05','L5','T15','B',4);
INSERT INTO results VALUES(1061,'S41','L4','T12','D',6);
INSERT INTO results VALUES(1062,'S22','L4','T11','C',6);
INSERT INTO results VALUES(1063,'S02','L9','T20','C',6);
INSERT INTO results VALUES(1064,'S10','L2','T03','B',7);
INSERT INTO results VALUES(1065,'S62','L5','T15','C',6);
INSERT INTO results VALUES(1066,'S29','L3','T09','C',5);
INSERT INTO results VALUES(1067,'S02','L4','T12','D',7);
INSERT INTO results VALUES(1068,'S19','L5','T14','C',4);
INSERT INTO results VALUES(1069,'S55','L3','T09','C',6);
INSERT INTO results VALUES(1070,'S13','L2','T02','C',7);
INSERT INTO results VALUES(1071,'S09','L4','T11','C',7);
INSERT INTO results VALUES(1072,'S30','L1','T07','A',6);
INSERT INTO results VALUES(1073,'S04','L4','T13','B',7);
INSERT INTO results VALUES(1074,'S10','L9','T20','C',4);
INSERT INTO results VALUES(1075,'S01','L4','T13','B',7);
INSERT INTO results VALUES(1076,'S01','L2','T04','D',6);
INSERT INTO results VALUES(1077,'S16','L1','T07','D',3);
INSERT INTO results VALUES(1078,'S14','L1','T06','B',4);
INSERT INTO results VALUES(1079,'S01','L7','T18','D',8);
INSERT INTO results VALUES(1080,'S36','L3','T10','B',5);
INSERT INTO results VALUES(1081,'S53','L9','T20','C',3);
INSERT INTO results VALUES(1082,'S15','L1','T07','A',4);
INSERT INTO results VALUES(1083,'S50','L2','T04','A',5);
INSERT INTO results VALUES(1084,'S14','L8','T19','D',4);
INSERT INTO results VALUES(1085,'S51','L1','T06','D',7);
INSERT INTO results VALUES(1086,'S61','L9','T20','C',3);
INSERT INTO results VALUES(1087,'S54','L4','T13','B',6);
INSERT INTO results VALUES(1088,'S44','L5','T16','D',7);
INSERT INTO results VALUES(1089,'S42','L9','T20','A',7);
INSERT INTO results VALUES(1090,'S47','L2','T04','C',4);
INSERT INTO results VALUES(1091,'S65','L9','T20','B',5);
INSERT INTO results VALUES(1092,'S22','L1','T08','B',7);
INSERT INTO results VALUES(1093,'S37','L1','T06','B',6);
INSERT INTO results VALUES(1094,'S42','L1','T06','A',7);
INSERT INTO results VALUES(1095,'S43','L6','T17','B',3);
INSERT INTO results VALUES(1096,'S16','L5','T14','B',4);
INSERT INTO results VALUES(1097,'S04','L5','T16','B',8);
INSERT INTO results VALUES(1098,'S16','L9','T20','D',1);
INSERT INTO results VALUES(1099,'S12','L4','T11','D',3);
INSERT INTO results VALUES(1100,'S10','L4','T12','A',8);
INSERT INTO results VALUES(1101,'S45','L3','T09','B',4);
INSERT INTO results VALUES(1102,'S16','L2','T02','C',6);
INSERT INTO results VALUES(1103,'S06','L3','T10','C',7);
INSERT INTO results VALUES(1104,'S32','L5','T15','B',3);
INSERT INTO results VALUES(1105,'S31','L3','T10','C',8);
INSERT INTO results VALUES(1106,'S11','L2','T03','C',7);
INSERT INTO results VALUES(1107,'S57','L3','T09','C',8);
INSERT INTO results VALUES(1108,'S04','L2','T04','D',6);
INSERT INTO results VALUES(1109,'S10','L4','T12','C',7);
INSERT INTO results VALUES(1110,'S16','L4','T11','D',5);
INSERT INTO results VALUES(1111,'S01','L5','T16','C',7);
INSERT INTO results VALUES(1112,'S43','L9','T20','C',6);
INSERT INTO results VALUES(1113,'S13','L3','T09','D',6);
INSERT INTO results VALUES(1114,'S12','L2','T02','A',3);
INSERT INTO results VALUES(1115,'S14','L1','T06','D',5);
INSERT INTO results VALUES(1116,'S60','L4','T13','B',7);
INSERT INTO results VALUES(1117,'S46','L9','T20','A',6);
INSERT INTO results VALUES(1118,'S58','L3','T09','A',5);
INSERT INTO results VALUES(1119,'S06','L1','T01','C',6);
INSERT INTO results VALUES(1120,'S21','L9','T20','D',6);
INSERT INTO results VALUES(1121,'S45','L2','T04','A',4);
INSERT INTO results VALUES(1122,'S09','L5','T14','A',6);
INSERT INTO results VALUES(1123,'S23','L7','T18','A',5);
INSERT INTO results VALUES(1124,'S46','L1','T08','B',8);
INSERT INTO results VALUES(1125,'S62','L4','T12','B',6);
INSERT INTO results VALUES(1126,'S59','L1','T07','B',7);
INSERT INTO results VALUES(1127,'S54','L9','T20','D',4);
INSERT INTO results VALUES(1128,'S06','L5','T15','D',5);
INSERT INTO results VALUES(1129,'S59','L1','T07','D',6);
INSERT INTO results VALUES(1130,'S28','L4','T11','C',7);
INSERT INTO results VALUES(1131,'S20','L4','T11','C',7);
INSERT INTO results VALUES(1132,'S24','L9','T20','D',4);
INSERT INTO results VALUES(1133,'S46','L8','T19','D',5);
INSERT INTO results VALUES(1134,'S01','L7','T18','C',4);
INSERT INTO results VALUES(1135,'S29','L1','T08','B',4);
INSERT INTO results VALUES(1136,'S04','L3','T09','D',8);
INSERT INTO results VALUES(1137,'S43','L9','T20','A',1);
INSERT INTO results VALUES(1138,'S48','L3','T09','B',8);
INSERT INTO results VALUES(1139,'S23','L7','T18','D',6);
INSERT INTO results VALUES(1140,'S70','L9','T20','C',5);
INSERT INTO results VALUES(1141,'S43','L4','T12','C',2);
INSERT INTO results VALUES(1142,'S44','L1','T08','D',4);
INSERT INTO results VALUES(1143,'S46','L1','T08','A',7);
INSERT INTO results VALUES(1144,'S30','L1','T07','C',6);
INSERT INTO results VALUES(1145,'S20','L1','T08','A',5);
INSERT INTO results VALUES(1146,'S44','L2','T04','A',5);
INSERT INTO results VALUES(1147,'S05','L9','T20','D',5);
INSERT INTO results VALUES(1148,'S49','L9','T20','C',2);
INSERT INTO results VALUES(1149,'S59','L9','T20','C',6);
INSERT INTO results VALUES(1150,'S19','L5','T14','B',4);
INSERT INTO results VALUES(1151,'S06','L9','T20','A',7);
INSERT INTO results VALUES(1152,'S01','L3','T09','D',7);
INSERT INTO results VALUES(1153,'S22','L6','T17','B',6);
INSERT INTO results VALUES(1154,'S44','L5','T16','C',5);
INSERT INTO results VALUES(1155,'S43','L2','T03','B',5);
INSERT INTO results VALUES(1156,'S51','L1','T06','B',4);
INSERT INTO results VALUES(1157,'S02','L9','T20','B',8);
INSERT INTO results VALUES(1158,'S71','L9','T20','A',3);
INSERT INTO results VALUES(1159,'S24','L9','T20','C',5);
INSERT INTO results VALUES(1160,'S34','L2','T03','A',4);
INSERT INTO results VALUES(1161,'S33','L5','T15','C',4);
INSERT INTO results VALUES(1162,'S51','L7','T18','C',6);
INSERT INTO results VALUES(1163,'S19','L9','T20','A',4);
INSERT INTO results VALUES(1164,'S39','L9','T20','B',7);
INSERT INTO results VALUES(1165,'S47','L3','T09','A',4);
INSERT INTO results VALUES(1166,'S27','L3','T09','A',7);
INSERT INTO results VALUES(1167,'S11','L7','T18','C',8);
INSERT INTO results VALUES(1168,'S45','L3','T09','A',3);
INSERT INTO results VALUES(1169,'S58','L1','T07','C',6);
INSERT INTO results VALUES(1170,'S31','L9','T20','D',5);
INSERT INTO results VALUES(1171,'S23','L3','T09','B',5);
INSERT INTO results VALUES(1172,'S31','L4','T12','D',7);
INSERT INTO results VALUES(1173,'S28','L3','T09','C',7);
INSERT INTO results VALUES(1174,'S16','L3','T09','A',6);
INSERT INTO results VALUES(1175,'S21','L2','T02','B',6);
INSERT INTO results VALUES(1176,'S06','L2','T03','D',6);
INSERT INTO results VALUES(1177,'S52','L4','T13','C',7);
INSERT INTO results VALUES(1178,'S19','L2','T02','A',5);
INSERT INTO results VALUES(1179,'S08','L1','T01','C',5);
INSERT INTO results VALUES(1180,'S19','L1','T07','A',4);
INSERT INTO results VALUES(1181,'S26','L9','T20','D',5);
INSERT INTO results VALUES(1182,'S44','L1','T08','B',5);
INSERT INTO results VALUES(1183,'S29','L4','T11','C',6);
INSERT INTO results VALUES(1184,'S43','L2','T03','D',5);
INSERT INTO results VALUES(1185,'S38','L9','T20','C',3);
INSERT INTO results VALUES(1186,'S39','L5','T15','D',4);
INSERT INTO results VALUES(1187,'S57','L4','T13','B',7);
INSERT INTO results VALUES(1188,'S58','L6','T17','A',5);
INSERT INTO results VALUES(1189,'S49','L3','T09','B',7);
INSERT INTO results VALUES(1190,'S04','L9','T20','C',3);
INSERT INTO results VALUES(1191,'S47','L4','T13','B',6);
INSERT INTO results VALUES(1192,'S63','L9','T20','D',5);
INSERT INTO results VALUES(1193,'S10','L9','T20','D',6);
INSERT INTO results VALUES(1194,'S20','L3','T09','C',6);
INSERT INTO results VALUES(1195,'S37','L4','T12','C',7);
INSERT INTO results VALUES(1196,'S29','L4','T11','B',6);
INSERT INTO results VALUES(1197,'S45','L1','T07','D',4);
INSERT INTO results VALUES(1198,'S47','L9','T20','D',2);
INSERT INTO results VALUES(1199,'S29','L2','T02','B',7);
INSERT INTO results VALUES(1200,'S18','L5','T14','D',3);
INSERT INTO results VALUES(1201,'S38','L2','T03','D',5);
INSERT INTO results VALUES(1202,'S51','L2','T04','C',6);
INSERT INTO results VALUES(1203,'S44','L1','T08','A',4);
INSERT INTO results VALUES(1204,'S30','L9','T20','C',5);
INSERT INTO results VALUES(1205,'S02','L3','T10','A',8);
INSERT INTO results VALUES(1206,'S50','L4','T13','B',6);
INSERT INTO results VALUES(1207,'S31','L2','T03','A',6);
INSERT INTO results VALUES(1208,'S32','L5','T15','D',1);
INSERT INTO results VALUES(1209,'S49','L3','T09','D',8);
INSERT INTO results VALUES(1210,'S39','L5','T15','A',6);
INSERT INTO results VALUES(1211,'S52','L1','T06','C',6);
INSERT INTO results VALUES(1212,'S26','L1','T06','C',5);
INSERT INTO results VALUES(1213,'S56','L4','T13','A',6);
INSERT INTO results VALUES(1214,'S53','L1','T06','C',7);
INSERT INTO results VALUES(1215,'S42','L4','T12','D',7);
INSERT INTO results VALUES(1216,'S62','L2','T05','B',7);
INSERT INTO results VALUES(1217,'S43','L5','T15','A',3);
INSERT INTO results VALUES(1218,'S28','L3','T09','A',7);
INSERT INTO results VALUES(1219,'S34','L9','T20','A',5);
INSERT INTO results VALUES(1220,'S53','L3','T09','B',8);
INSERT INTO results VALUES(1221,'S13','L9','T20','B',4);
INSERT INTO results VALUES(1222,'S18','L2','T02','B',5);
INSERT INTO results VALUES(1223,'S36','L1','T07','B',7);
INSERT INTO results VALUES(1224,'S49','L9','T20','A',6);
INSERT INTO results VALUES(1225,'S60','L2','T04','B',5);
INSERT INTO results VALUES(1226,'S43','L1','T08','C',2);
INSERT INTO results VALUES(1227,'S59','L5','T16','D',8);
INSERT INTO results VALUES(1228,'S17','L5','T14','C',6);
INSERT INTO results VALUES(1229,'S27','L3','T09','B',7);
INSERT INTO results VALUES(1230,'S60','L9','T20','B',6);
INSERT INTO results VALUES(1231,'S52','L3','T09','A',5);
INSERT INTO results VALUES(1232,'S28','L9','T20','C',4);
INSERT INTO results VALUES(1233,'S40','L3','T10','C',7);
INSERT INTO results VALUES(1234,'S16','L5','T14','C',4);
INSERT INTO results VALUES(1235,'S38','L4','T12','D',2);
INSERT INTO results VALUES(1236,'S48','L9','T20','A',6);
INSERT INTO results VALUES(1237,'S54','L2','T04','D',5);
INSERT INTO results VALUES(1238,'S59','L1','T07','C',7);
INSERT INTO results VALUES(1239,'S33','L4','T12','A',6);
INSERT INTO results VALUES(1240,'S10','L3','T10','C',8);
INSERT INTO results VALUES(1241,'S36','L3','T10','A',5);
INSERT INTO results VALUES(1242,'S23','L5','T14','A',4);
INSERT INTO results VALUES(1243,'S16','L3','T09','C',3);
INSERT INTO results VALUES(1244,'S34','L1','T06','A',6);
INSERT INTO results VALUES(1245,'S32','L2','T03','D',5);
INSERT INTO results VALUES(1246,'S60','L2','T04','A',5);
INSERT INTO results VALUES(1247,'S60','L3','T09','A',7);
INSERT INTO results VALUES(1248,'S09','L2','T02','B',7);
INSERT INTO results VALUES(1249,'S01','L3','T09','C',8);
INSERT INTO results VALUES(1250,'S11','L5','T15','A',8);
INSERT INTO results VALUES(1251,'S54','L3','T09','D',7);
INSERT INTO results VALUES(1252,'S61','L4','T13','C',7);
INSERT INTO results VALUES(1253,'S40','L1','T06','B',5);
INSERT INTO results VALUES(1254,'S55','L2','T04','D',5);
INSERT INTO results VALUES(1255,'S18','L1','T08','B',7);
INSERT INTO results VALUES(1256,'S35','L3','T10','A',7);
INSERT INTO results VALUES(1257,'S48','L9','T20','B',7);
INSERT INTO results VALUES(1258,'S51','L1','T06','C',5);
INSERT INTO results VALUES(1259,'S50','L3','T09','C',6);
INSERT INTO results VALUES(1260,'S32','L1','T07','A',3);
INSERT INTO results VALUES(1261,'S48','L1','T06','C',5);
INSERT INTO results VALUES(1262,'S21','L7','T18','D',7);
INSERT INTO results VALUES(1263,'S67','L9','T20','D',6);
INSERT INTO results VALUES(1264,'S41','L5','T15','A',5);
INSERT INTO results VALUES(1265,'S01','L2','T04','A',5);
INSERT INTO results VALUES(1266,'S28','L9','T20','D',4);
INSERT INTO results VALUES(1267,'S24','L3','T09','D',5);
INSERT INTO results VALUES(1268,'S31','L5','T15','D',3);
INSERT INTO results VALUES(1269,'S02','L8','T19','D',4);
INSERT INTO results VALUES(1270,'S07','L2','T03','D',6);
INSERT INTO results VALUES(1271,'S50','L2','T04','D',5);
INSERT INTO results VALUES(1272,'S35','L9','T20','B',5);
INSERT INTO results VALUES(1273,'S61','L2','T04','A',6);
INSERT INTO results VALUES(1274,'S08','L2','T02','B',6);
INSERT INTO results VALUES(1275,'S40','L4','T12','D',7);
INSERT INTO results VALUES(1276,'S01','L5','T16','A',7);
INSERT INTO results VALUES(1277,'S30','L2','T03','B',5);
INSERT INTO results VALUES(1278,'S54','L3','T09','A',6);
INSERT INTO results VALUES(1279,'S27','L9','T20','A',1);
INSERT INTO results VALUES(1280,'S57','L9','T20','A',7);
INSERT INTO results VALUES(1281,'S58','L3','T09','B',6);
INSERT INTO results VALUES(1282,'S31','L9','T20','C',2);
INSERT INTO results VALUES(1283,'S58','L5','T16','C',7);
INSERT INTO results VALUES(1284,'S50','L5','T16','D',5);
INSERT INTO results VALUES(1285,'S11','L4','T12','A',8);
INSERT INTO results VALUES(1286,'S31','L3','T10','D',7);
INSERT INTO results VALUES(1287,'S43','L4','T12','B',4);
INSERT INTO results VALUES(1288,'S29','L9','T20','C',2);
INSERT INTO results VALUES(1289,'S42','L4','T12','B',8);
INSERT INTO results VALUES(1290,'S61','L2','T04','B',6);
INSERT INTO results VALUES(1291,'S58','L5','T16','B',7);
INSERT INTO results VALUES(1292,'S55','L3','T09','B',4);
INSERT INTO results VALUES(1293,'S03','L1','T01','A',5);
INSERT INTO results VALUES(1294,'S12','L3','T09','B',3);
INSERT INTO results VALUES(1295,'S34','L9','T20','C',4);
INSERT INTO results VALUES(1296,'S12','L5','T14','D',2);
INSERT INTO results VALUES(1297,'S10','L2','T03','C',7);
INSERT INTO results VALUES(1298,'S38','L9','T20','B',4);
INSERT INTO results VALUES(1299,'S23','L9','T20','D',5);
INSERT INTO results VALUES(1300,'S21','L2','T02','D',6);
INSERT INTO results VALUES(1301,'S18','L5','T14','C',5);
INSERT INTO results VALUES(1302,'S50','L9','T20','A',7);
INSERT INTO results VALUES(1303,'S10','L5','T15','A',7);
INSERT INTO results VALUES(1304,'S40','L4','T12','C',7);
INSERT INTO results VALUES(1305,'S04','L1','T01','B',5);
INSERT INTO results VALUES(1306,'S58','L4','T13','D',6);
INSERT INTO results VALUES(1307,'S18','L8','T19','D',4);
INSERT INTO results VALUES(1308,'S55','L5','T16','A',7);
INSERT INTO results VALUES(1309,'S11','L4','T12','C',7);
INSERT INTO results VALUES(1310,'S24','L3','T09','A',6);
INSERT INTO results VALUES(1311,'S54','L1','T06','A',5);
INSERT INTO results VALUES(1312,'S11','L2','T03','A',6);
INSERT INTO results VALUES(1313,'S45','L5','T16','C',4);
INSERT INTO results VALUES(1314,'S38','L5','T15','D',2);
INSERT INTO results VALUES(1315,'S62','L9','T20','A',7);
INSERT INTO results VALUES(1316,'S56','L4','T13','C',7);
INSERT INTO results VALUES(1317,'S34','L5','T15','C',3);
INSERT INTO results VALUES(1318,'S36','L5','T15','C',3);
INSERT INTO results VALUES(1319,'S02','L9','T20','D',7);
INSERT INTO results VALUES(1320,'S42','L3','T10','A',8);
INSERT INTO results VALUES(1321,'S58','L5','T16','D',5);
INSERT INTO results VALUES(1322,'S08','L7','T18','A',5);
INSERT INTO results VALUES(1323,'S45','L2','T04','D',4);
INSERT INTO results VALUES(1324,'S36','L3','T10','D',4);
INSERT INTO results VALUES(1325,'S09','L3','T09','C',8);
INSERT INTO results VALUES(1326,'S37','L3','T10','B',6);
INSERT INTO results VALUES(1327,'S18','L2','T02','D',5);
INSERT INTO results VALUES(1328,'S37','L9','T20','B',7);
INSERT INTO results VALUES(1329,'S57','L9','T20','D',5);
INSERT INTO results VALUES(1330,'S09','L9','T20','B',7);
INSERT INTO results VALUES(1331,'S61','L9','T20','D',2);
INSERT INTO results VALUES(1332,'S48','L3','T09','A',5);
INSERT INTO results VALUES(1333,'S37','L4','T12','B',5);
INSERT INTO results VALUES(1334,'S50','L1','T06','D',6);
INSERT INTO results VALUES(1335,'S28','L4','T11','B',7);
INSERT INTO results VALUES(1336,'S16','L4','T11','A',5);
INSERT INTO results VALUES(1337,'S56','L3','T09','D',6);
INSERT INTO results VALUES(1338,'S61','L9','T20','A',3);
INSERT INTO results VALUES(1339,'S61','L4','T13','B',7);
INSERT INTO results VALUES(1340,'S33','L1','T06','B',5);
INSERT INTO results VALUES(1341,'S28','L1','T06','C',7);
INSERT INTO results VALUES(1342,'S36','L2','T03','B',5);
INSERT INTO results VALUES(1343,'S15','L3','T09','D',6);
INSERT INTO results VALUES(1344,'S18','L3','T09','D',4);
INSERT INTO results VALUES(1345,'S69','L9','T20','D',5);
INSERT INTO results VALUES(1346,'S55','L9','T20','A',3);
INSERT INTO results VALUES(1347,'S49','L9','T20','B',4);
INSERT INTO results VALUES(1348,'S31','L1','T06','A',6);
INSERT INTO results VALUES(1349,'S15','L5','T14','D',3);
INSERT INTO results VALUES(1350,'S73','L9','T20','B',6);
INSERT INTO results VALUES(1351,'S57','L2','T04','A',7);
INSERT INTO results VALUES(1352,'S21','L5','T14','A',6);
INSERT INTO results VALUES(1353,'S03','L3','T09','B',8);
INSERT INTO results VALUES(1354,'S54','L1','T06','B',7);
INSERT INTO results VALUES(1355,'S73','L9','T20','D',6);
INSERT INTO results VALUES(1356,'S01','L1','T01','D',5);
INSERT INTO results VALUES(1357,'S51','L5','T16','A',7);
INSERT INTO results VALUES(1358,'S33','L1','T06','A',6);
INSERT INTO results VALUES(1359,'S67','L9','T20','C',5);
INSERT INTO results VALUES(1360,'S13','L1','T07','A',7);
INSERT INTO results VALUES(1361,'S15','L1','T07','D',4);
INSERT INTO results VALUES(1362,'S27','L5','T14','B',5);
INSERT INTO results VALUES(1363,'S44','L9','T20','C',1);
INSERT INTO results VALUES(1364,'S48','L1','T06','A',5);
INSERT INTO results VALUES(1365,'S05','L8','T19','C',6);
INSERT INTO results VALUES(1366,'S51','L3','T09','D',8);
INSERT INTO results VALUES(1367,'S53','L9','T20','A',6);
INSERT INTO results VALUES(1368,'S09','L1','T01','B',7);
INSERT INTO results VALUES(1369,'S41','L1','T08','D',6);
INSERT INTO results VALUES(1370,'S23','L9','T20','A',6);
INSERT INTO results VALUES(1371,'S58','L3','T09','D',5);
INSERT INTO results VALUES(1372,'S61','L5','T16','A',6);
INSERT INTO results VALUES(1373,'S54','L5','T16','C',7);
INSERT INTO results VALUES(1374,'S14','L1','T06','C',5);
INSERT INTO results VALUES(1375,'S46','L8','T19','B',6);
INSERT INTO results VALUES(1376,'S36','L4','T12','D',6);
INSERT INTO results VALUES(1377,'S33','L3','T10','D',6);
INSERT INTO results VALUES(1378,'S21','L1','T06','B',7);
INSERT INTO results VALUES(1379,'S02','L5','T15','C',5);
INSERT INTO results VALUES(1380,'S58','L4','T13','B',6);
INSERT INTO results VALUES(1381,'S28','L5','T14','D',3);
INSERT INTO results VALUES(1382,'S08','L2','T02','C',6);
INSERT INTO results VALUES(1383,'S31','L2','T03','D',6);
INSERT INTO results VALUES(1384,'S12','L1','T07','C',6);
INSERT INTO results VALUES(1385,'S15','L4','T11','A',5);
INSERT INTO results VALUES(1386,'S55','L2','T04','C',5);
INSERT INTO results VALUES(1387,'S05','L4','T12','A',5);
INSERT INTO results VALUES(1388,'S56','L4','T13','B',6);
INSERT INTO results VALUES(1389,'S31','L3','T10','B',6);
INSERT INTO results VALUES(1390,'S27','L9','T20','D',0);
INSERT INTO results VALUES(1391,'S15','L3','T09','C',7);
INSERT INTO results VALUES(1392,'S13','L2','T02','B',6);
INSERT INTO results VALUES(1393,'S69','L9','T20','B',6);
INSERT INTO results VALUES(1394,'S45','L9','T20','D',4);
INSERT INTO results VALUES(1395,'S22','L5','T14','A',6);
INSERT INTO results VALUES(1396,'S12','L5','T14','C',4);
INSERT INTO results VALUES(1397,'S17','L3','T09','C',8);
INSERT INTO results VALUES(1398,'S36','L3','T10','C',5);
INSERT INTO results VALUES(1399,'S47','L2','T04','D',4);
INSERT INTO results VALUES(1400,'S13','L3','T09','B',5);
INSERT INTO results VALUES(1401,'S33','L3','T10','A',7);
INSERT INTO results VALUES(1402,'S03','L3','T09','A',7);
INSERT INTO results VALUES(1403,'S38','L4','T12','A',2);
INSERT INTO results VALUES(1404,'S23','L4','T11','B',7);
INSERT INTO results VALUES(1405,'S38','L1','T08','A',5);
INSERT INTO results VALUES(1406,'S52','L3','T09','C',7);
INSERT INTO results VALUES(1407,'S27','L5','T14','D',5);
INSERT INTO results VALUES(1408,'S45','L4','T13','B',6);
INSERT INTO results VALUES(1409,'S57','L1','T08','C',7);
INSERT INTO results VALUES(1410,'S53','L4','T13','D',6);
INSERT INTO results VALUES(1411,'S44','L3','T09','B',5);
INSERT INTO results VALUES(1412,'S35','L2','T03','C',6);
INSERT INTO results VALUES(1413,'S56','L1','T06','C',6);
INSERT INTO results VALUES(1414,'S23','L1','T07','C',6);
INSERT INTO results VALUES(1415,'S54','L4','T13','D',7);
INSERT INTO results VALUES(1416,'S30','L5','T15','A',3);
INSERT INTO results VALUES(1417,'S42','L1','T06','D',4);
INSERT INTO results VALUES(1418,'S42','L3','T10','D',7);
INSERT INTO results VALUES(1419,'S39','L9','T20','C',3);
INSERT INTO results VALUES(1420,'S11','L5','T15','C',8);
INSERT INTO results VALUES(1421,'S36','L2','T03','C',5);
INSERT INTO results VALUES(1422,'S12','L9','T20','B',2);
INSERT INTO results VALUES(1423,'S55','L9','T20','B',5);
INSERT INTO results VALUES(1424,'S15','L3','T09','A',7);
INSERT INTO results VALUES(1425,'S46','L2','T04','C',5);
INSERT INTO results VALUES(1426,'S56','L9','T20','A',4);
INSERT INTO results VALUES(1427,'S14','L9','T20','B',6);
INSERT INTO results VALUES(1428,'S01','L4','T13','D',7);
INSERT INTO results VALUES(1429,'S26','L9','T20','B',6);
INSERT INTO results VALUES(1430,'S09','L9','T20','C',5);
INSERT INTO results VALUES(1431,'S30','L5','T15','B',4);
INSERT INTO results VALUES(1432,'S22','L2','T02','D',5);
INSERT INTO results VALUES(1433,'S37','L9','T20','D',3);
INSERT INTO results VALUES(1434,'S07','L7','T18','B',6);
INSERT INTO results VALUES(1435,'S49','L3','T09','A',6);
INSERT INTO results VALUES(1436,'S05','L3','T10','A',8);
INSERT INTO results VALUES(1437,'S11','L1','T01','D',8);
INSERT INTO results VALUES(1438,'S71','L9','T20','C',3);
INSERT INTO results VALUES(1439,'S33','L9','T20','A',2);
INSERT INTO results VALUES(1440,'S08','L5','T14','C',7);
INSERT INTO results VALUES(1441,'S16','L9','T20','C',3);
INSERT INTO results VALUES(1442,'S63','L9','T20','B',4);
INSERT INTO results VALUES(1443,'S14','L9','T20','D',4);
INSERT INTO results VALUES(1444,'S59','L2','T04','A',6);
INSERT INTO results VALUES(1445,'S45','L1','T07','B',5);
INSERT INTO results VALUES(1446,'S27','L2','T02','C',5);
INSERT INTO results VALUES(1447,'S02','L8','T19','B',6);
INSERT INTO results VALUES(1448,'S39','L9','T20','A',4);
INSERT INTO results VALUES(1449,'S02','L3','T10','B',7);
INSERT INTO results VALUES(1450,'S39','L4','T12','A',5);
INSERT INTO results VALUES(1451,'S62','L2','T05','D',7);
INSERT INTO results VALUES(1452,'S13','L1','T07','C',7);
INSERT INTO results VALUES(1453,'S11','L5','T15','D',6);
INSERT INTO results VALUES(1454,'S55','L4','T13','A',6);
INSERT INTO results VALUES(1455,'S05','L5','T15','D',6);
INSERT INTO results VALUES(1456,'S26','L1','T06','D',4);
INSERT INTO results VALUES(1457,'S03','L2','T02','A',5);
INSERT INTO results VALUES(1458,'S52','L9','T20','B',4);
INSERT INTO results VALUES(1459,'S37','L5','T15','D',6);
INSERT INTO results VALUES(1460,'S55','L5','T16','C',7);
INSERT INTO results VALUES(1461,'S26','L3','T09','A',7);
INSERT INTO results VALUES(1462,'S46','L1','T08','D',7);
INSERT INTO results VALUES(1463,'S53','L5','T16','A',7);
INSERT INTO results VALUES(1464,'S32','L1','T07','B',6);
INSERT INTO results VALUES(1465,'S30','L1','T07','D',6);
INSERT INTO results VALUES(1466,'S16','L4','T11','C',6);
INSERT INTO results VALUES(1467,'S13','L4','T11','A',6);
INSERT INTO results VALUES(1468,'S06','L2','T03','A',5);
INSERT INTO results VALUES(1469,'S62','L4','T12','D',6);
INSERT INTO results VALUES(1470,'S62','L3','T10','A',8);
INSERT INTO results VALUES(1471,'S05','L1','T01','C',6);
INSERT INTO results VALUES(1472,'S47','L3','T09','C',4);
INSERT INTO results VALUES(1473,'S17','L4','T11','A',6);
INSERT INTO results VALUES(1474,'S22','L6','T17','D',5);
INSERT INTO results VALUES(1475,'S15','L9','T20','D',3);
INSERT INTO results VALUES(1476,'S18','L8','T19','A',6);
INSERT INTO results VALUES(1477,'S17','L3','T09','B',6);
INSERT INTO results VALUES(1478,'S02','L2','T03','D',6);
INSERT INTO results VALUES(1479,'S30','L3','T10','B',5);
INSERT INTO results VALUES(1480,'S46','L4','T13','D',8);
INSERT INTO results VALUES(1481,'S57','L5','T16','B',8);
INSERT INTO results VALUES(1482,'S07','L7','T18','C',6);
INSERT INTO results VALUES(1483,'S39','L5','T15','C',3);
INSERT INTO results VALUES(1484,'S52','L9','T20','A',3);
INSERT INTO results VALUES(1485,'S26','L3','T09','C',7);
INSERT INTO results VALUES(1486,'S25','L2','T02','D',5);
INSERT INTO results VALUES(1487,'S18','L1','T08','D',5);
INSERT INTO results VALUES(1488,'S40','L3','T10','B',5);
INSERT INTO results VALUES(1489,'S43','L6','T17','C',4);
INSERT INTO results VALUES(1490,'S19','L2','T02','B',5);
INSERT INTO results VALUES(1491,'S55','L2','T04','B',5);
INSERT INTO results VALUES(1492,'S37','L9','T20','C',6);
INSERT INTO results VALUES(1493,'S35','L3','T10','D',4);
INSERT INTO results VALUES(1494,'S39','L1','T08','B',4);
INSERT INTO results VALUES(1495,'S10','L4','T12','B',7);
INSERT INTO results VALUES(1496,'S07','L4','T12','B',8);
INSERT INTO results VALUES(1497,'S32','L2','T03','C',7);
INSERT INTO results VALUES(1498,'S05','L1','T01','D',7);
INSERT INTO results VALUES(1499,'S28','L8','T19','D',5);
INSERT INTO results VALUES(1500,'S13','L2','T02','A',5);
INSERT INTO results VALUES(1501,'S38','L2','T03','B',4);
INSERT INTO results VALUES(1502,'S47','L3','T09','D',5);
INSERT INTO results VALUES(1503,'S24','L4','T11','D',6);
INSERT INTO results VALUES(1504,'S43','L1','T08','A',2);
INSERT INTO results VALUES(1505,'S62','L2','T05','C',6);
INSERT INTO results VALUES(1506,'S47','L4','T13','C',6);
INSERT INTO results VALUES(1507,'S58','L1','T07','A',6);
INSERT INTO results VALUES(1508,'S21','L9','T20','C',5);
INSERT INTO results VALUES(1509,'S47','L5','T16','A',2);
INSERT INTO results VALUES(1510,'S34','L4','T12','C',6);
INSERT INTO results VALUES(1511,'S07','L4','T12','D',7);
INSERT INTO results VALUES(1512,'S74','L9','T20','A',6);
INSERT INTO results VALUES(1513,'S07','L9','T20','C',4);
INSERT INTO results VALUES(1514,'S36','L9','T20','C',3);
INSERT INTO results VALUES(1515,'S61','L3','T09','C',5);
INSERT INTO results VALUES(1516,'S22','L2','T02','B',5);
INSERT INTO results VALUES(1517,'S65','L9','T20','D',1);
INSERT INTO results VALUES(1518,'S22','L4','T11','B',6);
INSERT INTO results VALUES(1519,'S38','L4','T12','C',5);
INSERT INTO results VALUES(1520,'S25','L4','T11','C',7);
INSERT INTO results VALUES(1521,'S18','L4','T11','D',6);
INSERT INTO results VALUES(1522,'S55','L1','T06','D',4);
INSERT INTO results VALUES(1523,'S37','L2','T03','D',6);
INSERT INTO results VALUES(1524,'S28','L8','T19','B',5);
INSERT INTO results VALUES(1525,'S40','L1','T06','D',4);
INSERT INTO results VALUES(1526,'S23','L2','T02','D',6);
INSERT INTO results VALUES(1527,'S47','L1','T08','C',3);
INSERT INTO results VALUES(1528,'S02','L4','T12','B',8);
INSERT INTO results VALUES(1529,'S08','L7','T18','B',7);
INSERT INTO results VALUES(1530,'S08','L2','T02','D',6);
INSERT INTO results VALUES(1531,'S38','L3','T10','B',4);
INSERT INTO results VALUES(1532,'S47','L5','T16','B',1);
INSERT INTO results VALUES(1533,'S09','L3','T09','B',8);
INSERT INTO results VALUES(1534,'S32','L9','T20','D',0);
INSERT INTO results VALUES(1535,'S20','L9','T20','D',5);
INSERT INTO results VALUES(1536,'S18','L8','T19','C',4);
INSERT INTO results VALUES(1537,'S32','L4','T12','B',4);
INSERT INTO results VALUES(1538,'S60','L5','T16','A',6);
INSERT INTO results VALUES(1539,'S28','L3','T09','B',6);
INSERT INTO results VALUES(1540,'S15','L9','T20','B',2);
INSERT INTO results VALUES(1541,'S65','L9','T20','A',3);
INSERT INTO results VALUES(1542,'S31','L4','T12','B',7);
INSERT INTO results VALUES(1543,'S47','L1','T08','A',4);
INSERT INTO results VALUES(1544,'S46','L2','T04','D',5);
INSERT INTO results VALUES(1545,'S36','L4','T12','B',5);
INSERT INTO results VALUES(1546,'S29','L9','T20','D',6);
INSERT INTO results VALUES(1547,'S07','L5','T15','A',6);
INSERT INTO results VALUES(1548,'S09','L7','T18','D',7);
INSERT INTO results VALUES(1549,'S53','L4','T13','B',6);
INSERT INTO results VALUES(1550,'S42','L5','T15','D',6);
INSERT INTO results VALUES(1551,'S11','L4','T12','B',7);
INSERT INTO results VALUES(1552,'S37','L5','T15','A',5);
INSERT INTO results VALUES(1553,'S11','L3','T10','B',8);
INSERT INTO results VALUES(1554,'S53','L3','T09','A',6);
INSERT INTO results VALUES(1555,'S01','L9','T20','D',4);
INSERT INTO results VALUES(1556,'S20','L9','T20','A',6);
INSERT INTO results VALUES(1557,'S15','L1','T07','B',4);
INSERT INTO results VALUES(1558,'S12','L3','T09','D',3);
INSERT INTO results VALUES(1559,'S55','L1','T06','C',5);
INSERT INTO results VALUES(1560,'S23','L5','T14','D',5);
INSERT INTO results VALUES(1561,'S41','L2','T03','C',6);
INSERT INTO results VALUES(1562,'S55','L5','T16','D',4);
INSERT INTO results VALUES(1563,'S04','L1','T01','D',4);
INSERT INTO results VALUES(1564,'S23','L5','T14','B',5);
INSERT INTO results VALUES(1565,'S22','L9','T20','A',5);
INSERT INTO results VALUES(1566,'S44','L3','T09','A',6);
INSERT INTO results VALUES(1567,'S12','L9','T20','D',4);
INSERT INTO results VALUES(1568,'S40','L1','T06','C',4);
INSERT INTO results VALUES(1569,'S01','L9','T20','A',5);
INSERT INTO results VALUES(1570,'S20','L4','T11','A',6);
INSERT INTO results VALUES(1571,'S57','L5','T16','A',8);
INSERT INTO results VALUES(1572,'S23','L3','T09','A',6);
INSERT INTO results VALUES(1573,'S21','L1','T06','D',6);
INSERT INTO results VALUES(1574,'S48','L4','T13','A',7);
INSERT INTO results VALUES(1575,'S49','L5','T16','D',2);
INSERT INTO results VALUES(1576,'S56','L3','T09','A',6);
INSERT INTO results VALUES(1577,'S43','L9','T20','D',2);
INSERT INTO results VALUES(1578,'S46','L5','T16','D',4);
INSERT INTO results VALUES(1579,'S01','L4','T13','A',7);
INSERT INTO results VALUES(1580,'S03','L4','T11','A',7);
INSERT INTO results VALUES(1581,'S06','L3','T10','A',8);
INSERT INTO results VALUES(1582,'S14','L8','T19','C',5);
INSERT INTO results VALUES(1583,'S35','L4','T12','B',5);
INSERT INTO results VALUES(1584,'S08','L4','T11','A',8);
INSERT INTO results VALUES(1585,'S28','L9','T20','B',7);
INSERT INTO results VALUES(1586,'S25','L3','T09','A',6);
INSERT INTO results VALUES(1587,'S49','L1','T08','D',5);
INSERT INTO results VALUES(1588,'S34','L2','T03','B',5);
INSERT INTO results VALUES(1589,'S51','L5','T16','D',5);
INSERT INTO results VALUES(1590,'S02','L2','T03','B',7);
INSERT INTO results VALUES(1591,'S02','L8','T19','C',6);
INSERT INTO results VALUES(1592,'S19','L1','T07','C',4);
INSERT INTO results VALUES(1593,'S28','L5','T14','A',4);
INSERT INTO results VALUES(1594,'S49','L5','T16','A',2);
INSERT INTO results VALUES(1595,'S17','L5','T14','D',5);
INSERT INTO results VALUES(1596,'S54','L3','T09','C',6);
INSERT INTO results VALUES(1597,'S38','L5','T15','C',1);
INSERT INTO results VALUES(1598,'S46','L3','T09','D',6);
INSERT INTO results VALUES(1599,'S19','L9','T20','D',2);
INSERT INTO results VALUES(1600,'S12','L2','T02','C',4);
INSERT INTO results VALUES(1601,'S35','L5','T15','B',4);
INSERT INTO results VALUES(1602,'S44','L1','T08','C',4);
INSERT INTO results VALUES(1603,'S73','L9','T20','C',4);
INSERT INTO results VALUES(1604,'S54','L4','T13','A',6);
INSERT INTO results VALUES(1605,'S01','L4','T13','C',7);
INSERT INTO results VALUES(1606,'S16','L2','T02','A',4);
INSERT INTO results VALUES(1607,'S03','L5','T14','A',7);
INSERT INTO results VALUES(1608,'S48','L4','T13','D',7);
INSERT INTO results VALUES(1609,'S13','L1','T07','D',6);
INSERT INTO results VALUES(1610,'S39','L4','T12','C',7);
INSERT INTO results VALUES(1611,'S58','L2','T04','D',3);
INSERT INTO results VALUES(1612,'S17','L3','T09','A',8);
INSERT INTO results VALUES(1613,'S61','L3','T09','D',6);
INSERT INTO results VALUES(1614,'S54','L6','T17','C',7);
INSERT INTO results VALUES(1615,'S21','L2','T02','C',7);
INSERT INTO results VALUES(1616,'S56','L2','T04','C',4);
INSERT INTO results VALUES(1617,'S08','L9','T20','B',5);
INSERT INTO results VALUES(1618,'S04','L4','T13','A',8);
INSERT INTO results VALUES(1619,'S22','L4','T11','D',7);
INSERT INTO results VALUES(1620,'S50','L3','T09','B',8);
INSERT INTO results VALUES(1621,'S10','L9','T20','A',6);
INSERT INTO results VALUES(1622,'S02','L3','T10','C',8);
INSERT INTO results VALUES(1623,'S30','L2','T03','D',5);
COMMIT;
